Country,Region,DataYear,ClassGrade,Gender,Ageyears,Handed,Height_cm,Footlength_cm,Armspan_cm,Languages_spoken,Travel_to_School,Travel_time_to_School,Reaction_time,Score_in_memory_game,Favourite_physical_activity,Importance_reducing_pollution,Importance_recycling_rubbish,Importance_conserving_water,Importance_saving_energy,Importance_owning_computer,Importance_Internet_access,Left_Footlength_cm,Longer_foot,Index_Fingerlength_mm,Ring_Fingerlength_mm,Longer_Finger_Lefthand,Birth_month,Favorite_Season,Allergies,Vegetarian,Favorite_Food,Beverage,Favorite_School_Subject,Sleep_Hours_Schoolnight,Sleep_Hours_Non_Schoolnight,Home_Occupants,Home_Internet_Access,Communication_With_Friends,Text_Messages_Sent_Yesterday,Text_Messages_Received_Yesterday,Hanging_Out_With_Friends_Hours,Talking_On_Phone_Hours,Doing_Homework_Hours,Doing_Things_With_Family_Hours,Outdoor_Activities_Hours,Video_Games_Hours,Social_Websites_Hours,Texting_Messaging_Hours,Computer_Use_Hours,Watching_TV_Hours,Paid_Work_Hours,Work_At_Home_Hours,Schoolwork_Pressure,Planned_Education_Level,Favorite_Music,Superpower,Preferred_Status,Role_Model_Type,Charity_Donation
USA,NY,2020,"12        ",Female,16,Right-Handed,170,25.1,177,1,"Rail (Train/Tram/Subway)",35,.704,42,Basketball,980,960,800,800,600,550,25.1,"Same length",76.2,76.2,"Ring finger",July,Summer,No,No,Pizza/Pasta,Water,English,6.5,9,4,"Yes - broadband connection",,140,150,28,2,12,14,5,1,12,20,28,12,0,8,"A lot","Graduate degree","Rap/Hip hop",Fly,Happy,"Musician or singer","International aid"
USA,NY,2020,"12        ",Female,16,Right-Handed,163,23,162,2,"Rail (Train/Tram/Subway)",75,0.378,41,Other,1000,850,800,1000,200,650,23,"Same length",78,79,"Ring finger",August,Spring,No,No,Pizza/Pasta,Water,English,6-7,7-9,3,"Yes - broadband connection","Text messaging",20,545,4,0,4,7,2,0,3,2,12,20,0,2,"A lot","Graduate degree","Punk rock","Freeze time",Happy,Friend,Health
USA,NY,2020,"12        ",Male,18,Right-Handed,177,27,170,1,Car,10,.33,32,Skateboarding/Rollerblading,1000,1000,800,800,500,500,28,"Left foot",10,7.5,"Index finger",December,Winter,No,No,Seafood,Tea,"Computers and technology",7,5,3,"Yes - broadband connection","In person",15,20,15,20,5,6,10,10,5,1,10,20,28,5,"A lot","Graduate degree",Other,Invisibility,Happy,Relative,Other
USA,NY,2020,"12        ",Female,17,Right-Handed,160,24,152,5,"Rail (Train/Tram/Subway)",35,0.308,40,Swimming,1000,650,750,500,250,600,25,"Left foot",70,68,"Index finger",August,Summer,Yes,No,Pizza/Pasta,Coffee,English,5,8,5,"Yes - broadband connection","Myspace, Facebook, other social networking sites, or blog",18,36,30,5,18,12,6,14,50,40,50,50,10,20,"A lot","Graduate degree","Rap/Hip hop",Telepathy,Happy,Relative,"Education/Youth development"
USA,NY,2020,"12        ",Male,17,Left-Handed,161.3,24.13,172.7,1,"Rail (Train/Tram/Subway)",45,0.382,45,Other,850,450,556,754,957,957,22.86,"Right foot",76.2,81.28,"Ring finger",July,Summer,Yes,No,Seafood,Water,Geography,7,8.5,8,"Yes - broadband connection","Text messaging",30,25,1,0.5,16,3,1.5,1.5,14,2,50,7,0,4,"A lot","Graduate degree",Pop,Fly,Happy,Relative,"International aid"
USA,NY,2020,"12        ",Male,18,Right-Handed,182,27,178,1,Car,12min,0.278,40,Skateboarding/Rollerblading,797,807,717,717,561,561,27,"Same length",9,8,"Index finger",February,Fall,Yes,No,Meat,Tea,Art,6,12,3,"Yes - broadband connection","Internet chat or instant messaging",10,10,24,1,7,12,15,35,3,5,35,20,15,5,Some,"Graduate degree",,Fly,Happy,Relative,Environment
USA,NY,2020,"11        ",Male,17,Right-Handed,172.7,27.9,,1,Walk,12,".368 ",60,"Football (American)",1000,1000,1000,900,350,650,27.6,"Right foot",,,,December,Spring,Yes,No,Seafood,Water,History,8,10,5,"Yes - other","Cell phone",200,240,8,2,8,3,12,0,0,15,15,10,0,3,Some,"Some college","Rap/Hip hop",Telepathy,Rich,"Sports person",Health
USA,NY,2020,"11        ",Female,16,Right-Handed,155,22.2,100,3,Bus,50,1.135,49,Other,900,600,850,900,1000,950,22.2,"Same length",,,,May,Spring,No,No,"No favorite",Water,Science,7,10,6,"Yes - other","Text messaging",300,300,10,4,10,20,10,2,25,30,50,15,0,30,Some,"Graduate degree","Rhythm and blues (R&B)",Telepathy,Happy,Relative,"International aid"
USA,NY,2020,"11        ",Female,17,Right-Handed,153,22,155,1,Walk,19,.448,42,Soccer,594,615,872,824,433,647,23,"Left foot",7.2,6.7,"Index finger",October,Spring,No,No,"Rice/Noodle dishes",Coffee,English,7,9,5,"Yes - broadband connection","Text messaging",75,300,5,.2,20,5,2,.5,9,8,5,9,9,3,"A lot","Undergraduate degree",Pop,"Freeze time",Happy,Other,Health
USA,NY,2020,"12        ",Male,16,Right-Handed,183cm,25.4,185,1,Car,"10 ",0.413,36,Golf,700,800,300,300,250,400,23,"Right foot",75,70,"Index finger",November,Fall,Yes,No,Other,Tea,"Mathematics and statistics",7,9,4,"Yes - broadband connection","Internet chat or instant messaging",25,30,2,5,5,5,1,15,15,2,20,5,23,1,"A lot","Graduate degree",Other,"Freeze time",Happy,Relative,"Wildlife, animals"
USA,NY,2020,"12        ",Male,17,Right-Handed,"6'3 ","12 ",6'2,2,Bus,"7 min","1 sec",22,Basketball,1000,1000,1000,1000,500,1000,12,"Same length","7 cm","7 cm","Same length",August,Spring,Yes,No,"Rice/Noodle dishes",Water,English,8,9,1,"Yes - broadband connection","Cell phone",5,8,5,12,6,7,4,3,4,5,4,2,0,4,"A lot","Graduate degree","Rap/Hip hop","Super strength",Happy,Relative,Health
USA,NY,2020,"12        ",Female,17,Right-Handed,5'0,25cm,158cm,1,Car,15min,.427,41sec,Lacrosse,700,700,800,800,500,600,25cm,"Same length",75mm,70mm,"Index finger",July,Summer,Yes,No,Pizza/Pasta,Water,"Mathematics and statistics",7,10,3,"Yes - other","Cell phone",7,9,6,21,20,7,7,0,7,14,14,2,0,7,"A lot","Graduate degree","Rap/Hip hop",Telepathy,Happy,Relative,Health
USA,NY,2020,"12        ",Male,16,Right-Handed,174,24,150,1,"Rail (Train/Tram/Subway)",90,0.441,35,Swimming,1000,1000,1000,1000,1000,1000,24,"Same length",81,81,"Same length",October,Spring,Yes,No,Other,Water,"Social studies",6,10,3,"Yes - broadband connection","Internet chat or instant messaging",200,448,2,0,10,5,1,1,5,9,30,6,6,2,"A lot","Graduate degree",Techno/Electronic,"Freeze time",Healthy,"Community leader or elder","Arts, culture, sports"
USA,NY,2020,"12        ",Male,17,Right-Handed,175,27,176,2,"Rail (Train/Tram/Subway)",70,0.352,30,Soccer,1000,1000,1000,1000,900,900,26,"Right foot",8,8,"Same length",March,Summer,No,No,Fruit,Water,Science,7,9,5,"Yes - broadband connection","Text messaging",10,12,4,1,4,4,2,5,2,2,10,0,1,10,"A lot","Graduate degree","Rap/Hip hop","Freeze time",Happy,Relative,"International aid"
USA,NY,2020,"12        ",Male,18,Right-Handed,178,27.5,,3,Bus,20,10,44,Basketball,,,,,,,,,,,,,,,,,,,,,,"Yes - dial-up connection","Text messaging",50,40,,,,,,,,,,,,,Some,"Some college",Country,,Rich,"Business person","International aid"
USA,NY,2020,"10        ",Male,16,Right-Handed,,,,1,Bus,,,,,,,,,,,,,,,,,,,,,,,,,,,,,,,,,,,,,,,,,,,,,,,,
USA,NY,2020,"11        ",Female,16,Right-Handed,162.6,20,,2,Car,35-45,"1.5 ",45,Basketball,,,,,,,,,,"76.2 ","Index finger",March,Spring,Yes,No,Seafood,"Energy drink",Art,4,4,5,"Yes - broadband connection","Text messaging",2,10,0,1,14,14,7,0,7,7,21,28,0,14,"Very little","Graduate degree",Reggae,"Freeze time",Happy,"Musician or singer",Religious
USA,NY,2020,"10        ",Male,16,Right-Handed,177.8,25.4,177.8,4,Walk,15,.31,23,Dancing,499,1000,0,0,1000,800,25.4,"Same length",76.2,63.5,"Index finger",December,Spring,Yes,No,Meat,"Soft drink (caffeinated)",History,5,8,3,,"Text messaging",50,100,30,2,4,3,2,30,40,160,30,4,0,0,"A lot","High school",Reggae,"Freeze time",Rich,"Religious figure","International aid"
USA,NY,2020,"12        ",Male,17,Left-Handed,166cm,24.1,160cm,1,Car,"9 min",0.357,45,Lacrosse,900,900,700,900,0,0,24,"Right foot",70,65,"Index finger",November,Summer,Yes,No,Meat,Water,"Social studies",9,9,"3-4 ","Yes - broadband connection","Text messaging",100,100,9,<1,1,5,14,0,4,3,4,3,20,1,None,"Undergraduate degree","Rap/Hip hop",Fly,Happy,Relative,"Arts, culture, sports"
USA,NY,2020,"12        ",Female,17,Right-Handed,173,22,170,2,Car,5,0.447,43,Soccer,1000,1000,1000,1000,500,800,22,"Same length",750,800,"Ring finger",October,Fall,No,No,Pizza/Pasta,Water,Science,7,8,4,"Yes - other","Text messaging",100,800,15,2,5,5,10,2,11,8,5,2,10,2,Some,"Graduate degree","Rap/Hip hop",Fly,Happy,Relative,"International aid"
USA,NY,2020,"12        ",Female,17,Right-Handed,193,23.8,160,2,Car,10,0.606,47,Running/Jogging,900,500,800,900,500,600,23.8,"Same length",85,,"Same length",June,Summer,Yes,No,Pizza/Pasta,Water,Art,8,11,3,"Yes - broadband connection","Myspace, Facebook, other social networking sites, or blog",30,20,3,12,16,9,4,0,12,3,6,18,6,4,Some,"Undergraduate degree","Rap/Hip hop",Telepathy,Happy,Actor,"International aid"
USA,NY,2020,"12        ",Male,17,Right-Handed,82,26.5,181,1,"Rail (Train/Tram/Subway)",50,0.373,31,Soccer,845,449,663,754,134,786,27,"Left foot",75,80,"Ring finger",December,Fall,No,No,Fruit,Water,History,6.5,9,4,"Yes - broadband connection","In person",200,150,10,4,22,11,6,4,10,4,5,1,0,1,Some,"Graduate degree","Rap/Hip hop",Telepathy,Happy,Relative,"International aid"
USA,NY,2020,"12        ",Male,17,Right-Handed,160,26.5,159,4,"Rail (Train/Tram/Subway)",30,0.41,46,Dancing,872,506,,,,,,,,,,,,,,,,,,,,,,,,,,,,,,,,,,,,,,,,,,
USA,NY,2020,"12        ",Female,18,Right-Handed,180,14,168,2,Car,7,.427,37,Walking/Hiking,647,947,947,775,872,877,15,"Left foot",72,67,"Index finger",March,Fall,No,No,Fruit,Water,"Mathematics and statistics",6,7,3,"Yes - broadband connection","Text messaging",55,75,6,2,10,15,7,0,4,4,2,8,40,21,"A lot","Graduate degree",Country,"Freeze time",Happy,Relative,"Wildlife, animals"
USA,NY,2020,"10        ",Male,17,Right-Handed,176,24,184,1,Car,10,0.261,36,Basketball,750,750,600,800,100,450,23,"Right foot",3.2'',3.3'',"Ring finger",September,Summer,Yes,No,Meat,Water,"Physical education",6,8-9,4,"Yes - broadband connection","Myspace, Facebook, other social networking sites, or blog",8,15,6,1,4,10,20,30,12,6,25,3,0,8,Some,"Graduate degree","Rap/Hip hop","Freeze time",Happy,"Sports person",Health
USA,NY,2020,"12        ",Male,18,Right-Handed,183,33,185,2,Car,5,0.345,43,Lacrosse,700,600,1000,1000,1000,1000,32,"Right foot",76,79,"Ring finger",December,Summer,No,No,"Rice/Noodle dishes",Water,Science,6,8,7,"Yes - broadband connection","In person",103,120,25,2,35,70,30,10,20,15,30,3,35,10,"A lot","Graduate degree","Rap/Hip hop",Telepathy,Happy,Relative,Health
USA,NY,2020,"11        ",Male,16,Right-Handed,182.8,32,44,1,Car,6,.389,44,"Football (American)",600,650,550,600,700,900,31,"Right foot",60,65,"Ring finger",March,Spring,Yes,No,Poultry,Water,English,7,8.5,3,"Yes - broadband connection","Cell phone",2,2,7,0,5,2,2,3,0,0,2,1,7,.5,Some,"Undergraduate degree","Rap/Hip hop",Telepathy,Happy,Relative,"Wildlife, animals"
USA,NY,2020,"12        ",Female,17,Right-Handed,164,24,165,2,Car,15,0.612,37,Walking/Hiking,1000,800,900,1000,1000,1000,24,"Same length",68,72,"Ring finger",December,Fall,Yes,No,Desserts,Water,"Social studies",5,9,4,"Yes - broadband connection","Text messaging",2,0,0,0,20,10,7,0,40,0,40,8,0,7,"A lot","Graduate degree",Pop,Telepathy,Happy,Politician,"International aid"
USA,NY,2020,"12        ",Male,17,Left-Handed,185.4,"25.4 ","50.8 ",One,"Rail (Train/Tram/Subway)",35,0.694,59,Dancing,1000,600,700,800,700,800,"9 cm","Right foot",101.6,88.9,"Index finger",July,Summer,No,No,"No favorite",Water,Art,8,6,5,"Yes - broadband connection","Text messaging",8,5,"40 ",20,20,30,30,20,30,20,20,20,30,20,Some,"Graduate degree",Pop,Telepathy,Happy,Actor,Environment
USA,NY,2020,"12        ",Male,17,Right-Handed,170,26,161,1,Car,9,0.388,45,Cycling,861,695,492,652,759,775,26,"Same length",65,70,"Ring finger",June,Fall,Yes,Yes,Pizza/Pasta,Water,Art,7,9,3,"Yes - other","Text messaging",45,40,4,1,8,10,4,0,15,12,50,8,0,3,"A lot","Undergraduate degree",Pop,Invisibility,Healthy,"Business person",Environment
USA,NY,2020,"12        ",Male,17,Right-Handed,198,28,208,1,Walk,5,0.504,64,Basketball,70,70,70,70,70,70,28,"Same length",76.2,88.9,"Ring finger",December,Winter,No,No,Meat,Water,,7,9,3,"Yes - broadband connection","Text messaging",20,40,0,0,4,3,3,1,30,1,60,0,0,0,Some,"Undergraduate degree","Heavy metal",Fly,Happy,"Musician or singer",Other
USA,NY,2020,"12        ",Male,17,Right-Handed,160,26.5,159,4,"Rail (Train/Tram/Subway)",30,0.41,46,Dancing,872,506,134,856,1000,1000,26,"Right foot",80,80,"Same length",July,Summer,No,Yes,Pizza/Pasta,Water,"Mathematics and statistics",8,8,4,"Yes - broadband connection","Text messaging",200,450,7,,,,,,,,,,,,,,,,,,
USA,NY,2020,"12        ",Female,17,Left-Handed,62,10,60,1,"Rail (Train/Tram/Subway)",42,.328,49,Running/Jogging,551,604,781,658,856,947,10,"Same length",65,80,"Ring finger",August,Summer,No,No,Seafood,Water,English,5,9,2,"Yes - broadband connection","Text messaging",8,16,5,1,18,7,5,0,3,3,21,3,0,5,"A lot","Graduate degree","Rhythm and blues (R&B)","Freeze time",Happy,"Musician or singer","International aid"
USA,NY,2020,"12        ",Male,17,Right-Handed,5'7,26,45,2,"Rail (Train/Tram/Subway)",20,0.392,43,Baseball/Softball,888,936,872,979,658,775,23,"Same length",90,88,"Index finger",November,Fall,Yes,No,Meat,Water,English,6,9,2,"Yes - broadband connection","Text messaging",25,18,12,1,26,15,3,7,8,1,27,14,0,8,Some,"Undergraduate degree","Rap/Hip hop",Telepathy,Happy,Friend,Health
USA,NY,2020,"12        ",Female,17,Right-Handed,175,24,172,1,Car,13,0.424,47,Swimming,503,465,476,460,904,973,25,"Left foot",70,80,"Ring finger",May,Summer,Yes,No,Desserts,Water,English,7,6,4,"Yes - broadband connection","Text messaging",45,50,5,1,8,2,12,1,6,2,10,5,25,1.5,"A lot","Graduate degree","Rap/Hip hop",Fly,Happy,Relative,Health
USA,NY,2020,"12        ",Female,17,Right-Handed,168.9,25.1,155.1,1,Car,15,0.354,36,Dancing,1000,1000,877,578,358,529,25.1,"Same length",83,71,"Index finger",September,Summer,Yes,No,Salads,Water,"Mathematics and statistics",7,8,3,"Yes - broadband connection","Myspace, Facebook, other social networking sites, or blog",23,24,4,24,16,3,15,3,10,10,30,2,6,3,"A lot","Graduate degree",Pop,"Super strength",Happy,Relative,Religious
USA,NY,2020,"12        ",Male,17,Ambidextrous,5.7,29.5,63cm,1,"Rail (Train/Tram/Subway)",35min,.5s,.44s,Basketball,1000,800,600,400,0,200,29.5,"Same length",,105,"Ring finger",January,Winter,Yes,No,Poultry,Water,"Physical education",6,8,4,"Yes - broadband connection","Internet chat or instant messaging",0,0,"4 ",1,2,4,5,0,10,1,10,4,0,1,Some,"Graduate degree","Rap/Hip hop",Fly,Healthy,"Sports person","International aid"
USA,NY,2020,"12        ",Female,18,Right-Handed,161,22,164,3,Car,11,0.571,41,Other,1000,882,856,1000,845,914,22,"Same length",76,70,"Index finger",April,Summer,Yes,Yes,"Rice/Noodle dishes",Coffee,Science,6,8,3,"Yes - broadband connection","Text messaging",110,130,2,1,21,14,4,1,35,28,77,21,3,6,"A lot","Graduate degree",Other,Telepathy,Healthy,Relative,"Education/Youth development"
USA,NY,2020,"12        ",Female,17,Right-Handed," 173",24,163,3,"Rail (Train/Tram/Subway)",20,0.33,54,Athletics,904,743,797,578,1000,1000,24.5,"Left foot",75,65,"Index finger",March,Summer,No,No,"No favorite",Water,Other,6,8,6,"Yes - broadband connection","In person",60,150,30,3,10,24,2,0,28,5,100,15,15,5,"A lot","Graduate degree",Other,Fly,Healthy,Relative,Health
USA,NY,2020,"12        ",Female,17,Right-Handed,170cm,22,159,1-2,Car,"12 ",0.799,37,Soccer,1000,800,800,800,400,400,20,"Right foot",76,71,"Index finger",March,Winter,Yes,No,"Rice/Noodle dishes",Water,"Mathematics and statistics",6,9,3,"Yes - dial-up connection","Myspace, Facebook, other social networking sites, or blog",32,78,15,8,10,20,5,0,5,2,9,3,19,5,"A lot","Graduate degree","Rap/Hip hop",Telepathy,Happy,"Doctor or nurse",Health
USA,NY,2020,"12        ",Male,17,Left-Handed,177.6,26,168,2,Car,12,.22,38,"Football (American)",1000,1000,1000,1000,1000,1000,26,"Same length",90,98,"Ring finger",March,Fall,Yes,No,Poultry,Water,History,6,10,4,"Yes - broadband connection","Internet chat or instant messaging",20,30,6,,,,,,,,,,,,,,,,,,Health
USA,NY,2020,"12        ",Female,16,,,,,,,,,,,,,,,,,,,,,,,,,,,,,,,,,,,,,,,,,,,,,,,,,,,,,,
USA,NY,2020,"12        ",Female,17,Right-Handed,67,26.5,171.5,3,Walk,18,.581,45,"Martial Arts",960,910,960,970,965,970,27,"Left foot",70,72,"Ring finger",May,Spring,No,No,"Rice/Noodle dishes",Water,Languages,8,10,4,"Yes - broadband connection","In person",5,6,4,1.5,,,,,,,,,,,,,,,,,
USA,NY,2020,"12        ",Female,17,Right-Handed,154.9,25.4,152.4,1,Bus,90,5,50,Basketball,500,450,550,200,50,50,26.4,"Left foot",70,50,"Index finger",March,Spring,Yes,No,"No favorite",Juice,"Physical education",5,8,3,"Yes - broadband connection","Text messaging",100,100,20,2,10,5,15,0,50,50,50,6,8,2,"A lot","Graduate degree","Rap/Hip hop",Telepathy,Happy,Relative,"International aid"
USA,NY,2020,"12        ",Male,16,Ambidextrous,173,"26 ",175,1,Car,10,.302,40,Baseball/Softball,300,300,400,200,900,900,26,"Same length",108,102,"Index finger",October,Summer,No,No,Meat,"Soft drink (caffeinated)",Other,6,10,5,"Yes - broadband connection","Text messaging",75,200,"10 ",2,12,6,4,8,20,5,40,10,2,.25,"A lot","Graduate degree","Rap/Hip hop","Freeze time",Rich,Relative,"Arts, culture, sports"
USA,NY,2020,"10        ",Female,16,Right-Handed,173.9,24.13,184,1,Bus,35,0.304,30,"Football (American)",1000,1000,1000,1000,0,100,25.4,"Right foot",77,76.2,"Index finger",April,Fall,No,No,"No favorite",Water,"Physical education",5,10,3,"Yes - broadband connection","Text messaging",70,100,0,50,18,5,2,10,10,50,20,2,0,7,"A lot","Some college",Other,"Freeze time",Happy,"Musician or singer",Other
USA,NY,2020,"12        ",Female,17,Right-Handed,151,22.5,,,,,,,,,,,,,,,,,,,,,,,,,,,,,,,,,,,,,,,,,,,,,,,,,,,
USA,NY,2020,"12        ",Female,17,Right-Handed,152,24,152,1,Car,12,.37,39,Lacrosse,877,572,492,348,283,930,24,"Same length",50,50,"Same length",September,Summer,No,No,Meat,Water,"Social studies",7,11,5,"Yes - broadband connection","Text messaging",300,700,50,0,5,15,10,0,48,25,100,0,0,5,Some,"Graduate degree","Rap/Hip hop",Invisibility,Healthy,"Coach or club leader",Health
USA,NY,2020,"12        ",Female,16,Right-Handed,163,23,157,1,Car,10,.308,50,Soccer,904,818,594,578,668,668,23,"Same length",70,76,"Ring finger",October,Summer,No,No,Pizza/Pasta,Water,Art,8,9,4,"Yes - broadband connection","Text messaging",100,1004,20,1,4,45,10,2,40,15,20,6,22,5,Some,"Graduate degree","Rap/Hip hop",Fly,Healthy,"Sports person",Health
USA,NY,2020,"11        ",Male,16,Right-Handed,173,25,173,1,Car,5,0.344,44,Swimming,503,503,749,749,1000,1000,25,"Same length",90,95,"Ring finger",May,Winter,Yes,No,Meat,Water,History,8,10,5,"Yes - broadband connection","Text messaging",x,x,4,2,6,1,14,4,1,2,14,7,0,0.1,,"Some college","Rock and roll","Freeze time",Rich,"Business person",Health
USA,NY,2020,"12        ",Female,18,Right-Handed,165,25,165,2,Car,7,.438,44,Walking/Hiking,1000,900,900,800,100,100,26,"Left foot",89,91,"Ring finger",January,Spring,No,No,Poultry,Water,Languages,4,8,4,"Yes - other","Text messaging",15,40,4,3,30,5,3,0,3,4,12,0,0,2,Some,"Graduate degree","Rhythm and blues (R&B)",Fly,Healthy,Teacher,Religious
USA,NY,2020,"12        ",Female,17,Right-Handed,170,23,178,2,"Rail (Train/Tram/Subway)",65,0.367,41***,Walking/Hiking,900,600,400,700,1000,1000,24,"Left foot",75,70,"Index finger",July,Fall,No,No,Breads/Sandwiches,Water,Science,8,10,4,"Yes - broadband connection","Text messaging",4,5,1,3,4,0,0,0,10,2,14,0,0,1,Some,"Undergraduate degree","Rhythm and blues (R&B)",Invisibility,Healthy,Other,"Wildlife, animals"
USA,NY,2020,"12        ",Female,17,Right-Handed,162,23,170,1,"Rail (Train/Tram/Subway)",50,0.361,51,Other,700,700,700,700,1000,1000,23,"Same length",70.6,70,"Index finger",February,Spring,No,No,Fruit,Water,English,6,8,3,"Yes - broadband connection","Text messaging",50,50,2,0,10,0,0,0,2,5,10,0,2,1,Some,"Graduate degree",Other,Fly,Happy,"Musician or singer","Education/Youth development"
USA,NY,2020,"12        ",Female,17,Right-Handed,179,24.5,182.5,3,Bus,35,.408,78,Swimming,500,500,500,500,500,500,24.5,"Same length",,7.5,"Same length",June,Spring,No,No,Meat,"Energy drink","Mathematics and statistics",7,8,5,"Yes - broadband connection","In person",30,30,5,3,12,9,21,0,48,4,5,2,0,15,Some,"Graduate degree","Rap/Hip hop",Telepathy,Happy,Relative,Health
USA,NY,2020,"12        ",Male,17,Right-Handed,180,27,175,2,Car,5,.309,34,Basketball,500,500,500,700,1000,1000,28,"Left foot",84,90,"Ring finger",October,Winter,Yes,No,"Rice/Noodle dishes",Water,"Mathematics and statistics",7,10,4,"Yes - broadband connection","Text messaging",50,60,3,1,20,10,5,15,10,5,25,0,7,2,Some,"Graduate degree","Rap/Hip hop",Fly,Rich,Relative,Health
USA,NY,2020,"12        ",Male,17,Right-Handed,177,26,183,1,Car,12,.307,38,Golf,3,4,2,1,6,5,26,"Left foot",85,88,"Ring finger",November,Summer,Yes,No,Meat,Water,"Physical education",8-9,9-10,4,"Yes - broadband connection",Other,20,80,10,0,15-20,5,5,20,10,1,30,12,20,3,Some,"Graduate degree","Rock and roll","Freeze time",Happy,Relative,Health
USA,NY,2020,"12        ",Female,18,Right-Handed,5'3,24,165,1,Car,"12 ",0.427,34,Skateboarding/Rollerblading,1000,1000,10000,0,500,1000,24,"Same length",76.2,76.2,"Index finger",January,Summer,Yes,No,Pizza/Pasta,Water,Art,6,10-12,8,"Yes - broadband connection","Text messaging",10+,10+,0,20,10,40,0,30,30,30,60,30,0,0,Some,"Graduate degree",Other,Telepathy,Rich,Relative,Environment
USA,NY,2020,"10        ",Female,15,Right-Handed,153,24,153,2,Car,18,0.420,38,Tennis,786,684,679,684,214,209,25,"Left foot",80,70,"Index finger",July,Fall,Yes,No,"No favorite",Water,Art,5,3,4,"Yes - other","Cell phone",50,30,1,6,3,2,4,9,6,2,6,1,7,3,"A lot","Some college","Rock and roll",Telepathy,Happy,Relative,"Arts, culture, sports"
USA,NY,2020,"12        ",Female,17,Right-Handed,5'2,8,62,1,Bus,10,1.546,60,Athletics,1000,1000,0,1000,503,1000,7,"Same length",,,"Index finger",,Spring,No,No,Pizza/Pasta,Water,Languages,7,5,6,"No internet connection","Text messaging",8,6,35,25,15,20,0,0,0,15,40,10,10,2,"A lot","Undergraduate degree","Rhythm and blues (R&B)","Freeze time",Happy,Actor,"International aid"
USA,NY,2020,"12        ",Female,18,Right-Handed,155,23,71,2,"Rail (Train/Tram/Subway)",15,0.435,56,Running/Jogging,500,500,770,800,1000,1000,22,"Right foot",70,80,"Ring finger",January,Summer,No,No,Pizza/Pasta,Water,Science,8,10,4,"Yes - broadband connection","Text messaging",56,55,25,4,7,20,5,6,12,18,22,10,0,8,Some,"Graduate degree",Pop,Fly,Happy,Relative,Health
USA,NY,2020,"11        ",Female,16,Right-Handed,158cm,23cm,58cm,2,Car,5,0.403,48,Soccer,684,492,599,481,802,1000,22cm,"Right foot",80,80,"Same length",September,Fall,No,No,Pizza/Pasta,Tea,Science,7,9,5,"Yes - broadband connection","Myspace, Facebook, other social networking sites, or blog",38,114,1,0,3,1,2,0,4,1,2,3,0,1,Some,"Graduate degree","Rap/Hip hop",Telepathy,Happy,Relative,"International aid"
USA,NY,2020,"12        ",Female,17,Right-Handed,168,289,,1,"Rail (Train/Tram/Subway)",40,0.355,33,Athletics,791,786,487,620,492,455,,"Right foot",,,"Ring finger",June,Spring,No,No,"No favorite",Water,Science,6,12,4,"Yes - broadband connection","Text messaging",20,40,15,3,25,6,7,1,10,2,10,3,6,1,"A lot","Graduate degree",Other,"Freeze time",Happy,Relative,"Education/Youth development"
USA,NY,2020,"12        ",Female,16,Right-Handed,"153 ","22 ",159,1,Walk,"5 ",.421,32,Walking/Hiking,900,900,1000,1000,320,550,23,"Left foot",76,64,"Index finger",November,Fall,Yes,No,Fruit,Water,Languages,6-7,8,4,"Yes - broadband connection","Text messaging",20,25,24,2,50,20,10,1,10,10,50,9,0,10,Some,"Graduate degree",Other,"Freeze time",Happy,Other,"Education/Youth development"
USA,NY,2020,"12        ",Female,17,Right-Handed,173,23,172,3,Bus,45,0.44,50,None,900,900,800,700,500,500,23,"Same length",75,70,"Index finger",June,Summer,No,No,Pizza/Pasta,Water,Science,6,10,5,"Yes - broadband connection","Text messaging",150,180,5,3,28,22,5,1,35,7,42,1,0,8,Some,"Undergraduate degree",Pop,Telepathy,Happy,Relative,"International aid"
USA,NY,2020,"12        ",Female,16,Right-Handed,173,24,163,2,Car,6,0.326,56,Walking/Hiking,990,800,500,900,500,900,24,"Same length",89,91,"Ring finger",October,Fall,Yes,No,Pizza/Pasta,"Soft drink (non-caffeinated)",Science,8,8,4,"Yes - broadband connection","Text messaging",65,70,10,16,10,20,5,0,5,15,10,5,4,5,Some,"Graduate degree",Country,Fly,Happy,Relative,"Wildlife, animals"
USA,NY,2020,"12        ",Female,17,Right-Handed,170,22,175,2,Car,5,.319,36,Walking/Hiking,800,1000,800,800,1000,1000,25,"Same length",68,76,"Ring finger",April,Winter,Yes,No,Breads/Sandwiches,Water,History,6,8,3,"Yes - broadband connection","In person",5,5,6,0,18,10,5,0,30,5,30,10,0,6,Some,"Undergraduate degree","Rock and roll",Telepathy,Happy,"Musician or singer","Education/Youth development"
USA,NY,2020,"12        ",Female,18,Right-Handed,162,18,159,1,Car,5,.401,41,Soccer,957,930,989,872,701,877,18,"Left foot",75,70,"Index finger",September,Fall,Yes,No,Desserts,Water,Science,7,9,6,"Yes - other","Text messaging",100,100,6+,14,7,10,15,5,15,10,10,8,12,1,"A lot","Graduate degree","Rap/Hip hop","Freeze time",Happy,Relative,Health
USA,NY,2020,"12        ",Male,18,Right-Handed,167,26,174,2,"Rail (Train/Tram/Subway)",60,.295,46,Basketball,600,700,600,500,600,700,27,"Left foot",80,93,"Ring finger",January,Summer,No,No,Meat,Water,"Mathematics and statistics",6,9,4,"Yes - broadband connection","Text messaging",110,130,6,1,6,4,3,1,8,3,5,10,0,3,"Very little","Undergraduate degree","Rock and roll",Fly,Healthy,"Sports person",Health
USA,NY,2020,"12        ",Female,17,Right-Handed,162,23,150,1,Bicycle,35,0.351,41,Walking/Hiking,90,70,90,90,30,50,22,"Right foot",,,"Ring finger",May,Summer,No,Yes,Pizza/Pasta,Coffee,History,3,12,5,"Yes - broadband connection","Cell phone",54,91,5,15,30,30,15,0,20,3.5,45,15,0,5,"A lot","Graduate degree","Rock and roll",Telepathy,Happy,Politician,"Education/Youth development"
USA,NY,2020,"12        ",Female,17,Right-Handed,175,20,178,2,Car,12,0.233,39,None,481,545,384,460,508,535,21,"Left foot",76,67,"Index finger",November,Fall,No,No,Pizza/Pasta,Water,Music,8,11,4,"Yes - broadband connection","Text messaging",125,224,6,0.5,15,20,0,0,48,50,50,10,20,2,Some,"Graduate degree",Other,Invisibility,Happy,Actor,"International aid"
USA,NY,2020,"12        ",Female,17,Right-Handed,,,,2,"Rail (Train/Tram/Subway)",90,0.459,37,Walking/Hiking,1000,930,1000,1000,610,775,,"Same length",,,"Ring finger",May,Winter,Yes,No,"No favorite",Tea,Art,7.5,10,4,"Yes - broadband connection","Internet chat or instant messaging",175,150,24,2,21,10,0,0,15,21,120,0,0,8,"A lot","Graduate degree",Other,"Freeze time",Happy,Teacher,"Education/Youth development"
USA,NY,2020,"12        ",Female,17,Right-Handed,160.7,24,149.9,1,"Rail (Train/Tram/Subway)",35,0.481,32,Soccer,465,706,412,497,679,850,24.13,"Left foot",7.62,7.62,"Same length",August,Summer,No,No,Pizza/Pasta,Water,History,8,7,5,"Yes - broadband connection","Myspace, Facebook, other social networking sites, or blog",10,20,15,30,40,40,15,5,40,15,30,25,0,20,Some,"Graduate degree","Rap/Hip hop",Invisibility,Happy,Actor,Environment
USA,NY,2020,"12        ",Male,17,Right-Handed,185,27,180,1,Car,15,.296,31,Baseball/Softball,765,380,11,513,984,1000,27,"Same length",71,74,"Ring finger",April,Spring,Yes,No,Meat,Milk,Geography,7,9,6,"Yes - broadband connection","In person",70,70,15,0,0,10,16,18,21,4,4,4,0,1,Some,"Some college","Rap/Hip hop",Invisibility,Happy,"Sports person",Health
USA,NY,2020,"12        ",Male,17,Left-Handed,183,25,45,2,Car,10-15,0.44,41,"Football (American)",535,658,743,749,455,455,25,"Same length",12.5,7.5,"Index finger",August,Summer,No,No,Pizza/Pasta,Water,"Physical education",10,7,2,"Yes - other","Myspace, Facebook, other social networking sites, or blog",100,100,10,25,23,20,29,53,100,134,156,169,49,12,Some,"Graduate degree","Rap/Hip hop",Invisibility,Happy,"Sports person","Arts, culture, sports"
USA,NY,2020,"11        ",Male,17,Right-Handed,70,23.5,156,1,Walk,10,.344,40,Soccer,700,700,500,500,50,300,25,"Left foot",80,85,"Ring finger",April,Summer,Yes,No,Meat,Water,History,8,9,5,"Yes - broadband connection","Text messaging",100,86,15,1,5,10,2,7,3,30,5,5,1,1,"Very little","Graduate degree","Rap/Hip hop",Fly,Happy,Relative,Environment
USA,NY,2020,"12        ",Female,17,Right-Handed,160,24,160,2,"Rail (Train/Tram/Subway)",15,.393,29,Soccer,631,503,348,348,476,829,24,"Same length",70,80,"Ring finger",August,Fall,Yes,No,"No favorite",Juice,Art,6,8,3,"Yes - broadband connection","Text messaging",34,44,10,12,10,5,2,2,8,14,126,1,4,2,Some,"Graduate degree","Rap/Hip hop",Telepathy,Healthy,Relative,Environment
USA,NY,2020,"12        ",Female,17,Right-Handed,67,26.5,171.5,3,Walk,18,.581,45,"Martial Arts",960,910,960,970,965,970,27,"Left foot",70,72,"Ring finger",May,Spring,No,No,"Rice/Noodle dishes",Water,Languages,8,10,4,"Yes - broadband connection","In person",5,6,4,1.5,15,2,3,0,4,2,20,0,0,2,"A lot","Graduate degree",Pop,"Freeze time",Healthy,Relative,"International aid"
USA,NY,2020,"12        ",Female,17,Right-Handed,5.3,"25 ","165 ",1,Car,"9 ",0.74,48,Walking/Hiking,945,990,900,900,850,950,24,"Right foot",76,71,"Index finger",February,Fall,No,No,Fruit,Water,Art,7,10,6,"Yes - broadband connection","Text messaging",50,75,15,20,5,10,10,10,25,5,150,8,8,10,Some,"Undergraduate degree","Rap/Hip hop","Freeze time",Happy,"Doctor or nurse",Environment
USA,NY,2020,"12        ",Female,16,Right-Handed,161,24,162,1,"Rail (Train/Tram/Subway)",37,0.661,37,Other,909,963,973,1000,444,829,24,"Same length",70,70,"Same length",December,Fall,No,No,Breads/Sandwiches,Coffee,Art,5,11,5,"Yes - broadband connection","Text messaging",27,73,0,0.1,1.5,7,2.5,0,10,0.3,57,26,0.2,4,Some,"Graduate degree","Punk rock","Freeze time",Happy,"Musician or singer",Other
USA,NY,2020,"12        ",Male,18,Right-Handed,173,28,175,2,"Rail (Train/Tram/Subway)",50,0.34,53,Basketball,950,977,983,946,570,894,28.5,"Left foot",80,70,"Index finger",January,Summer,Yes,No,Fruit,Water,"Mathematics and statistics",7,8.5,4,"Yes - broadband connection","Text messaging",75,75,15,10,20,15,10,3,12,8,20,6,0,3,Some,"Graduate degree","Rhythm and blues (R&B)","Freeze time",Happy,Relative,"International aid"
USA,NY,2020,"12        ",Male,17,Ambidextrous,175,"25 ",158,2,"Rail (Train/Tram/Subway)",60,.28,40,Basketball,900,1000,200,700,1000,1000,24,"Right foot",76,74,"Index finger",February,Fall,Yes,No,Meat,Water,Science,6,9,3,"Yes - broadband connection","Text messaging",20,30,12,9,12,4,4,1,2,20,30,19,30,10,Some,Other,Techno/Electronic,Telepathy,Happy,Actor,Environment
USA,NY,2020,"12        ",Female,17,Right-Handed,162,22,156,2,"Rail (Train/Tram/Subway)",25,0.385,29,Tennis,701,877,701,770,455,727,23,"Left foot",75,80,"Ring finger",July,Fall,No,No,Fruit,Water,"Mathematics and statistics",8,10,5,"Yes - other","Text messaging",10,150,9,3,9,7,3,0,3,1,59,10,0,2,Some,"Graduate degree","Rap/Hip hop",Fly,Healthy,Teacher,"Education/Youth development"
USA,NY,2020,"12        ",Male,17,Right-Handed,69,11.5,170,2,Bus,20,0.04,49,Basketball,8,9,7,7,8,8,11.4,"Right foot",29,30,"Ring finger",May,Fall,No,,,,,,,,,,,,,,,,,,,,,,,,,,,,,,
USA,NY,2020,"12        ",Female,16,Right-Handed,163,24,159,2,"Rail (Train/Tram/Subway)",90,0.339,40,Athletics,1000,930,930,930,850,850,25,"Left foot",80,85,"Index finger",September,Fall,No,No,"Rice/Noodle dishes",Water,Science,6,10,4,"Yes - dial-up connection","Text messaging",30,40,"0 hrs","2 hrs","20 hr","3 hrs","0 hrs","1 hrs","6 hrs","5 hrs","50 hr","7 hrs","0 hrs","3 hrs","A lot","Graduate degree","Rap/Hip hop","Freeze time",Healthy,"Community leader or elder","International aid"
USA,NY,2020,"12        ",Male,19,Right-Handed,181,42,102,2,Car,10,0.198,32,Bowling,775,487,1000,711,1000,911,42,"Same length",,,"Index finger",April,Fall,No,No,"Rice/Noodle dishes",Water,Music,11.30,7,3,"Yes - dial-up connection","Internet chat or instant messaging",0,0,2,1,2,1,0,3,2,4,5,0,2,1,"Very little","Less than high school",Country,"Freeze time",Rich,Friend,Health
USA,NY,2020,"10        ",Male,17,Right-Handed,176,24,184,1,Car,10,0.261,36,Basketball,750,750,600,800,100,450,23,"Right foot",3.2'',3.3,,,,,,,,,,,,,,,,,,,,,,,,,,,,,,,,,,
USA,NY,2020,"12        ",Male,17,Right-Handed,"175 ",27.9,177,1,Bus,"10 ",0.456,53,"Football (American)",850,800,700,700,300,650,27.9,"Same length",80,85,"Ring finger",March,Summer,No,No,Meat,Water,History,6,10,4,"Yes - other","Text messaging",30,30,14,3,6,4,25,14,10,5,6,8,0,5,Some,"High school","Rap/Hip hop",Telepathy,Happy,"Sports person",Environment
USA,NY,2020,"10        ",Male,15,,"6 ft",26.67,182.8,1,Bus,30,.422,54sec,Basketball,508,503,695,789,491,1000,26.7,"Same length",76,78,"Ring finger",May,Summer,No,No,Poultry,Water,Other,4,8,6,"Yes - broadband connection","Text messaging",75,75,0,"1 hr","1 hr",30min,"3 hr","2 hr",30min,"1 hr","5 hr",0,0,20min,"A lot","Some college","Rap/Hip hop",Telepathy,Rich,"Business person",Health
USA,NY,2020,"12        ",Female,16,Right-Handed,167,22,171,1,"Rail (Train/Tram/Subway)",80,0.397,46,Cycling,765,417,775,866,540,663,23,"Left foot",76.2,76.2,"Same length",November,Fall,No,No,Meat,Juice,"Social studies",8,4,6,"Yes - broadband connection","Text messaging",15,150,0,15,21,5,0,0,35,35,49,35,0,7,Some,"Graduate degree","Rhythm and blues (R&B)","Freeze time",Rich,Relative,"International aid"
USA,NY,2020,"12        ",Male,17,Right-Handed,170,27,170,1,Car,7,0.366,38,"Football (American)",1000,1000,1000,1000,800,1000,27,"Right foot",60,70,"Ring finger",September,Summer,Yes,No,Pizza/Pasta,Water,Science,6,10,5,"Yes - broadband connection","Cell phone",100,100,0,20,10,10,10,0,20,20,20,20,0,3,Some,"Undergraduate degree","Rap/Hip hop","Super strength",Rich,"Sports person","Wildlife, animals"
USA,NY,2020,"12        ",Male,17,Right-Handed,180,25.4,172,2,"Rail (Train/Tram/Subway)",30,.344,38,Other,897,978,679,680,1000,1000,25,"Right foot",78,79,"Ring finger",July,Winter,Yes,No,"Rice/Noodle dishes",Water,"Computers and technology",6,12,4,"Yes - broadband connection","Text messaging",0,0,.5,0,9,0,0,6,0,0,84,0,0,0,"A lot","Undergraduate degree",Pop,"Freeze time",Happy,"Business person",Other
USA,NY,2020,"12        ",Male,16,Right-Handed,184,26,180,1,Car,4,.344,46,Walking/Hiking,878,956,768,839,251,709,26,"Same length",83,91,"Ring finger",June,Winter,No,No,Fruit,Water,Art,6,5,3,"Yes - broadband connection","Cell phone",3,7,10,<1,4,2,2,5,15,2,20,3,12,10,"A lot","Undergraduate degree","Punk rock","Freeze time",Famous,"Musician or singer",Environment
USA,NY,2020,"12        ",Female,17,Right-Handed,151,22.5,155.5,3,"Rail (Train/Tram/Subway)",20,0.661,49,Swimming,770,460,118,770,888,1000,23,"Right foot",72,70,"Index finger",December,Spring,No,No,"No favorite",Water,Science,7,10,5,"Yes - broadband connection","Text messaging",40,25,5,3,42,2,1,0,16,1,40,0,0,5,"A lot","Graduate degree",Pop,Fly,Happy,Relative,Health
USA,NY,2020,"12        ",Male,17,Right-Handed,180,10.75,181,2,Bus,50,.244,29,Basketball,800,1000,1000,500,700,1000,11,"Left foot",762,781,"Ring finger",February,Fall,No,No,Poultry,Water,"Mathematics and statistics",4,3,4,"Yes - broadband connection","Text messaging",34,60,9,2,30,12,14,26,14,11,77,0,0,13,Some,"Graduate degree",Gospel,"Freeze time",Happy,Other,"International aid"
USA,NY,2020,"12        ",Male,17,Right-Handed,178,0,0,2,Walk,11,.393,37,Basketball,733,492,481,620,118,112,0,"Left foot",0,0,"Index finger",January,Winter,No,No,Pizza/Pasta,Water,"Mathematics and statistics",7,10,4,"Yes - broadband connection","Myspace, Facebook, other social networking sites, or blog",50,50,10,2,8,5,15,2,8,3,5,8,0,4,Some,"Undergraduate degree","Rap/Hip hop","Super strength",Famous,"Sports person","International aid"
USA,NY,2020,"12        ",Female,17,Right-Handed,179,24.5,182.5,3,Bus,35,.408,78,Swimming,500,500,,,,,,,,,,,,,,,,,,,,,,,,,,,,,,,,,,,,,,,,,,
USA,NY,2020,"11        ",Female,16,Right-Handed,152.4,22.86,83.82,2,Bus,35,0.403,43,Soccer,497,615,508,583,749,904,22.86,"Same length",76.2,81.82,"Ring finger",May,Fall,No,No,"Rice/Noodle dishes",Tea,Art,5,3,8,"Yes - broadband connection","Text messaging",4,5,0,6,5,2,0,3,0,3,9,2,0,7,Some,"Graduate degree",Other,Telepathy,Happy,"Musician or singer","Wildlife, animals"
USA,NY,2020,"11        ",Female,17,Right-Handed,170,7,170,1,Car,15,.334,36,Other,700,650,600,600,900,900,7,"Same length",45,43,"Index finger",June,Spring,No,No,"Rice/Noodle dishes",Water,Art,4,10,2,"Yes - broadband connection","Internet chat or instant messaging",20,30,15,2,1,3,0,15,5,5,15,2,0,5,Some,"Undergraduate degree",Other,"Freeze time",Happy,Other,Health
USA,NY,2020,"12        ",Male,16,Right-Handed,185.4,25.4,188,2,"Rail (Train/Tram/Subway)",65,0.292,45,"Football (American)",600,600,600,600,800,900,25.4,"Same length",81,86,"Ring finger",November,Fall,Yes,No,Meat,Water,"Mathematics and statistics",8,10,7,"Yes - broadband connection","Myspace, Facebook, other social networking sites, or blog",60,120,0,8,14,5,2,40,15,2,25,1,0,3,Some,"Graduate degree","Rap/Hip hop","Super strength",Happy,"Religious figure",Religious
USA,NY,2020,"12        ",Female,17,Right-Handed,152,9.25,149.5,1,"Rail (Train/Tram/Subway)",90,.35,44,Running/Jogging,936,406,348,294,893,1000,9.25,"Same length",80,90,"Ring finger",June,Fall,Yes,No,Pizza/Pasta,Water,Art,6.5,12,5,"Yes - other","Cell phone",59,70,28,14,28,7,0,0,49,142,70,7,0,4,Some,"Graduate degree","Rap/Hip hop",Invisibility,Happy,Other,"Arts, culture, sports"
USA,NY,2020,"10        ",Female,16,Right-Handed,4´10,"8 1/2",21,two,Bus,10-15,.1722,49,Soccer,100,100,100,100,0,100,"8 1/2","Same length",2500,3000,"Ring finger",January,Spring,No,No,Fruit,Water,Science,7,5,6,"Yes - other","Internet chat or instant messaging",20,20,5,3,15min,5,2,1,2,3,5,2,,1,"Very little",Other,"Rap/Hip hop","Super strength",Famous,"Doctor or nurse","International aid"
USA,NY,2020,"12        ",Female,17,Right-Handed,162,22,32,2,"Rail (Train/Tram/Subway)",30,0.752,52,None,1000,1000,1000,1000,1000,1000,22,"Same length",88.9,88.9,"Same length",November,Summer,No,No,Fruit,Water,"Mathematics and statistics",8,8,4,"Yes - broadband connection","Internet chat or instant messaging",40,50,8,1,3,12,2,0,4,4,4,4,4,3,"A lot","High school",Pop,Invisibility,Healthy,Relative,Health
USA,NY,2020,"11        ",Male,18,Right-Handed,170,25,170,1,Car,"2 ",.656,37,Skateboarding/Rollerblading,1000,1000,800,1000,600,600,25,"Same length",80,75,"Index finger",March,Summer,Yes,No,"No favorite",Water,Art,7,7,5,"Yes - other","Text messaging",100,120,10,10,10,10,10,10,10,10,10,10,10,10,Some,"Graduate degree","Punk rock","Super strength",Healthy,"Musician or singer","Arts, culture, sports"
USA,NY,2020,"12        ",Female,17,Right-Handed,161.3,23.5,167,2,"Rail (Train/Tram/Subway)",15,0.311,36,Other,1000,850,1000,1000,417,700,23.5,"Same length",75,70,"Index finger",January,Winter,Yes,No,Meat,Water,English,7,6,6,"Yes - other","Text messaging",50,70,3,3,15,10,2,0,5,8,15,6,0,10,Some,"Graduate degree",Pop,"Freeze time",Happy,"Religious figure","International aid"
USA,NY,2020,"12        ",Female,17,Right-Handed,170,25,175,1,"Rail (Train/Tram/Subway)",60,0.41,37,Other,600,700,700,800,1000,1000,24,"Right foot",70,75,"Ring finger",July,Summer,No,No,"No favorite",Water,"Mathematics and statistics",7,8,3,"Yes - broadband connection","Myspace, Facebook, other social networking sites, or blog",70,100,7,4,14,3,3,0,20,4,4,30,0,2,Some,"Graduate degree","Rap/Hip hop",Fly,Famous,Relative,"International aid"
USA,NY,2020,"12        ",Male,17,Right-Handed,185,26,183,1,Car,3,0.45,42,Soccer,,,,,,,26,"Same length",70,76,"Ring finger",July,Spring,No,No,Pizza/Pasta,Water,History,6,9,2,"Yes - broadband connection","Myspace, Facebook, other social networking sites, or blog",5,5,15,0.5,2,2,15,15,3,0.5,1,5,0,3,None,"Undergraduate degree","Rap/Hip hop",Telepathy,Happy,Relative,Health
USA,NY,2020,"12        ",Female,17,Right-Handed,167,24,167,1,"Rail (Train/Tram/Subway)",20,3,30,Other,700,700,700,700,700,700,24,"Same length",70,70,"Same length",August,Spring,Yes,No,"No favorite",Other,"Mathematics and statistics",9,11,3,"Yes - broadband connection","Text messaging",50,30,7,3,5,7,7,1,7,7,7,7,0,7,Some,"Graduate degree",Other,Fly,Rich,"Sports person",Other
USA,NY,2020,"12        ",Female,17,Right-Handed,176.5,25.4,185.4,2,Bus,10,0.574,44,Other,1000,550,652,605,700,701,26.67,"Left foot",88.9,88.9,"Same length",October,Summer,Yes,No,Pizza/Pasta,Water,"Social studies",7,9,4,"Yes - broadband connection","Text messaging",81,77,13,10,20,10,5,0,16,3,15,20,10,2,"A lot","Graduate degree","Rhythm and blues (R&B)","Freeze time",Rich,Actor,"International aid"
USA,NY,2020,"12        ",Male,17,Right-Handed,160,23,163,1,"Rail (Train/Tram/Subway)",100,0.331,44,"Martial Arts",674,856,390,380,230,652,22,"Right foot",66,69,"Ring finger",September,Spring,No,Yes,Fruit,Water,Other,7-8,9-10,5,"Yes - broadband connection","Internet chat or instant messaging",20,200,18,0,4,2,25,1,10,10,28,10,0,3,Some,"Graduate degree",Other,Telepathy,Happy,"Religious figure","Wildlife, animals"
USA,NY,2020,"12        ",Female,16,Right-Handed,152.4,"12.7 ",61cm,2,Bus,75,"0.65 ",44,Golf,900,700,700,700,500,800,12.7,"Same length",60,60,"Same length",January,Spring,Yes,No,Meat,Water,Music,8,6-7,4,"Yes - broadband connection","Text messaging",10,17,0,6-7,10,5,3,0,4,5,7-8,3,0,2,"A lot","Undergraduate degree","Rhythm and blues (R&B)",Invisibility,Healthy,Other,Health
USA,NY,2020,"10        ",Male,16,Ambidextrous,163,27.5,,1,Car,10,0.383,38,Other,620,524,820,877,139,27,27.3,"Right foot",,,,November,Fall,Yes,No,Meat,Milk,Science,6,11,7,"Yes - broadband connection","Internet chat or instant messaging",3-5,5-10,,0,3,1,1,,,,,,,,,,,,,,
USA,NY,2020,"12        ",Male,17,Ambidextrous,175,24,66,1,Car,3,0.302,36,Soccer,700,800,600,740,500,500,25,"Left foot",889,762,"Index finger",July,Summer,No,No,Meat,Water,Science,8,10,4,"Yes - broadband connection","Text messaging",20,10,2,5,5,5,15,0,20,3,2,10,3,2,"Very little","Graduate degree","Rap/Hip hop",Telepathy,Happy,Relative,Health
USA,NY,2020,"12        ",Female,17,Left-Handed,172,25,173,2,"Rail (Train/Tram/Subway)",20,0.371,38,Swimming,980,980,980,980,500,600,24,"Right foot",800,800,"Same length",March,Summer,No,No,Meat,Tea,,6,9,2,"Yes - broadband connection","Text messaging",100,105,4,2,20,10,23,11,15,11,10,6,14,6,Some,"Graduate degree",Pop,Telepathy,Healthy,Relative,Environment
USA,NY,2020,"12        ",Female,17,,,,,,,,,,,,,,,,,,,,,,,,,,,,,,,,,,,,,,,,,,,,,,,,,,,,,,
USA,NY,2020,"10        ",Male,16,Right-Handed,,,,1,Bus,20,0.316,52,None,500,500,500,500,700,700,10,"Same length",,,"Same length",March,Winter,No,No,Meat,"Energy drink",History,1,0,5,"Yes - dial-up connection","Text messaging",9,5,6,3,0,4,3,9,0,1,2,1,6,5,None,"High school",Other,Invisibility,Happy,Other,Other
USA,NY,2020,"12        ",Male,17,Right-Handed,180,29,205,1,"Rail (Train/Tram/Subway)",35,.695,56,"Football (American)",850,850,750,500,1000,1000,28,"Right foot",8.5,8,"Index finger",November,Spring,Yes,No,Meat,Water,Science,6.5,8.5,4,"Yes - broadband connection","In person",20,15,7,.5,11,7,7,6,5,3,40,0,0,1,"A lot","Undergraduate degree",Pop,Telepathy,Happy,Relative,Health
USA,NY,2020,"12        ",Female,16,Right-Handed,5'5,23.87,67.3,1,"Rail (Train/Tram/Subway)",70,0.375,13,Running/Jogging,1000,1000,1000,1000,1000,"1000 ",23.79,"Right foot",78.74,76.2,"Index finger",December,Summer,Yes,No,Poultry,Water,"Social studies",7,10,2,"Yes - dial-up connection","Cell phone",45,150,0,8,30,12,5,0,2,1,16,8,0,4,Some,"Graduate degree","Rhythm and blues (R&B)",Fly,Happy,Relative,"International aid"
USA,NY,2020,"12        ",Male,17,Right-Handed,,,,1,Car,25,0.366,36,Walking/Hiking,342,455,112,171,545,1000,,,,,,August,Winter,No,No,Poultry,Water,"Mathematics and statistics",8,9,4,"Yes - other","Internet chat or instant messaging",,,,,,,,,,,,,,,"A lot","Less than high school","Rap/Hip hop",Invisibility,Rich,"Business person","Wildlife, animals"
USA,NY,2020,"12        ",Female,17,Right-Handed,175,25,185,1,"Rail (Train/Tram/Subway)",55,0.431,43,Athletics,800,700,900,900,800,1000,24,"Right foot",8,8.2,"Ring finger",September,Fall,Yes,No,Pizza/Pasta,Water,Science,5,10,4,"Yes - broadband connection","In person",100,100,6,3,"8 ",8,5,0,12,5,6,2,0,7,"A lot","Graduate degree","Rhythm and blues (R&B)",Fly,Healthy,Relative,Health
USA,NY,2020,"12        ",Female,17,Right-Handed,5'2,20,139,1,Walk,"1 min",0.924,"52 ","Hockey (Ice)",877,802,647,"1000 ",1000,1000,20,"Same length","10 ",10,"Same length",September,Summer,No,No,Poultry,Water,English,9,11,4,"Yes - other","Cell phone",12,20,10-12,"7 hr","14 hr","84 hr","16 hr","0 hr","21 hr","14 hr","14 hr","10 hr","0 hr","14 hr",Some,"Graduate degree",Country,Fly,Healthy,Relative,Health
USA,NY,2020,"12        ",Male,17,Right-Handed,173,28,182,2,"Rail (Train/Tram/Subway)",60,0.579,50,"Martial Arts",818,695,608,845,1000,1000,28.5,"Left foot",9,8,"Index finger",October,Summer,No,Yes,"No favorite",Water,English,6,9,3,"Yes - broadband connection","Text messaging",100,100,5,0,6,6,4,0,0,8,7,7,1,5,"A lot","Graduate degree",Other,Invisibility,Happy,Friend,"Education/Youth development"
USA,NY,2020,"12        ",Male,17,Right-Handed,164,26,164,3,Bus,5,.43,39,Soccer,800,700,500,700,1000,1000,26,"Same length",70,74,"Ring finger",December,Summer,Yes,No,Meat,Water,Science,6,7,4,"Yes - broadband connection","Text messaging",100,100,0,1,40,5,5,10,12,7,70,0,0,5,"A lot","Graduate degree","Rap/Hip hop",Telepathy,Happy,Relative,"International aid"
USA,NY,2020,"12        ",Male,16,Right-Handed,170,22,150,1,Car,5,0.362,40,Golf,749,465,316,556,711,1000,22,"Same length",70,72,"Ring finger",September,Summer,No,No,Pizza/Pasta,"Soft drink (caffeinated)","Physical education",6,10,3,"Yes - broadband connection","Text messaging",50,100,15,1,5,6,8,12,10,3,12,1,15,2,Some,"Graduate degree","Rap/Hip hop",Invisibility,Happy,"Musician or singer",Health
USA,NY,2020,"12        ",Female,16,Right-Handed,170,27,0,1,Walk,12,0.3,50,Walking/Hiking,900,800,800,850,900,1000,26,"Right foot",75,70,"Index finger",April,Spring,Yes,Yes,Fruit,Water,Languages,7,9,4,"Yes - broadband connection","Text messaging",60,60,7,2,13,10,5,0,15,18,20,8,1,4,"A lot","Graduate degree",Pop,Invisibility,Happy,Friend,Environment
USA,NY,2020,"12        ",Female,17,Right-Handed,152.4,21,118,2,Car,20,.511,39,Walking/Hiking,700,600,650,600,550,625,22,"Same length",68,70,"Ring finger",November,Winter,Yes,No,"No favorite",Water,"Mathematics and statistics",5,4,14,"Yes - other","Cell phone",10,14,5,2,20,3,0,2,1,2,40,4,0,3,Some,"High school",Other,"Freeze time",Healthy,Other,Environment
USA,NY,2020,"11        ",Female,16,Right-Handed,160.0,17,160.0,1,Walk,5,.388,42,Running/Jogging,1000,1000,1000,1000,500,700,17,"Same length",60,56,"Same length",August,Spring,Yes,No,Pizza/Pasta,Water,Art,7,5,5,"Yes - broadband connection","Text messaging",50,50,24,5,10,3,1,1,5,3,3,2,0,1,"A lot","Undergraduate degree","Rhythm and blues (R&B)",Fly,Happy,Relative,Environment
USA,NY,2020,"12        ",Female,17,Right-Handed,155,20.5,150,2,"Rail (Train/Tram/Subway)",40,,,,,,,,,,,,,,,,,,,,,,,,,,,,,,,,,,,,,,,,,,,,,,,
USA,NY,2020,"12        ",Female,18,Right-Handed,157.5,21,156,2,"Rail (Train/Tram/Subway)",30,0.402,47,Walking/Hiking,800,600,900,900,500,600,21,"Same length",90,100,"Ring finger",January,Fall,Yes,No,Breads/Sandwiches,Water,"Mathematics and statistics",8,8,4,"Yes - other","Myspace, Facebook, other social networking sites, or blog",31,44,5,,,,,,,,,,,,,,,,,,
USA,NY,2020,"12        ",Female,16,Left-Handed,63,21,63,3,Bus,10,.375,43,Soccer,1000,100,100,700,700,700,23,"Left foot",77,80,"Ring finger",May,Spring,No,No,Pizza/Pasta,Water,English,6,10,4,"Yes - broadband connection","Myspace, Facebook, other social networking sites, or blog",50,60,1,1,27,20,7,0,15,18,30,12,0,7,"A lot","Graduate degree",Pop,Invisibility,Rich,Relative,"Wildlife, animals"
USA,NY,2020,"12        ",Male,17,Right-Handed,177,26.5,183,3,"Rail (Train/Tram/Subway)",35,0.325,44,Basketball,1000,,,,,,,,,,,,,,,,,,,,,,,,,,,,,,,,,,,,,,,,,,,
USA,NY,2020,"10        ",Male,16,Right-Handed,,,,1,Bus,,,,,,,,,,,,,,,,,,,,,,,,,,,,,,,,,,,,,,,,,,,,,,,,
USA,NY,2020,"10        ",Female,16,Right-Handed,157.4,22.86,143.2,1,Bus,10,.497,49,Lacrosse,50,1000,800,100,50,50,23.52,"Left foot",76.2,80.9,"Ring finger",April,Fall,Yes,No,Pizza/Pasta,"Soft drink (caffeinated)",English,8,12,4,"Yes - other","Myspace, Facebook, other social networking sites, or blog",15,5,20,2,5,3,2,0,7,4,2,3,0,2,"A lot","Graduate degree",Country,Fly,Happy,Friend,Other
USA,NY,2020,"12        ",Male,17,Right-Handed,180,38,185,1,Car,8,.345,35,Walking/Hiking,1000,1000,1000,1000,1000,1000,37,"Right foot",25,26,"Ring finger",May,Spring,No,No,"Rice/Noodle dishes",Tea,Science,8,10,4,"Yes - broadband connection","Text messaging",54,63,0,5,6,7,3,4,2,4,6,5,0,4,None,"Graduate degree","Punk rock","Freeze time",Rich,"Business person",Health
USA,NY,2020,"11        ",Male,18,,,,,,,,,,,,,,,,,,,,,,,,,,,,,,,,,,,,,,,,,,,,,,,,,,,,,,
USA,NY,2020,"12        ",Female,17,Right-Handed,154.9,24,150,1,Car,10,.334,"32 ",Soccer,1000,1000,1000,1000,503,604,23,"Right foot",72,70,"Index finger",February,Fall,No,No,"Rice/Noodle dishes",Water,History,6,12,4,"Yes - other","Text messaging",50,100,8,5,5,6,3,0,6,3,60,5,0,2,Some,"Graduate degree",Other,Telepathy,Rich,Relative,Environment
USA,NY,2020,"12        ",Male,19,Right-Handed,5'11,11.5,7.45,1,Bus,20,0.61," 98 ",Soccer,80,30,90,30,0,30,11.5,"Right foot",7.6,7.5,"Index finger",January,Summer,No,No,Meat,Tea,"Physical education",8,5,3,"No internet connection","Myspace, Facebook, other social networking sites, or blog",3,1,0,4,9,10,0,7,12,3,0,5,8,0,"A lot","Graduate degree","Rap/Hip hop",Invisibility,Happy,"Sports person",Health
USA,NY,2020,"12        ",Male,16,Right-Handed,183cm,0,0,1,Walk,10-15,0.36,37,Swimming,100,90,80,90,40,90,0,"Same length",0,0,"Ring finger",May,Summer,No,No,Meat,Water,"Mathematics and statistics",6-7,8-9,4,"Yes - broadband connection","Internet chat or instant messaging",50,50,8,14,12,10,4,3,7,2,7,14,0,5,"A lot",Other,Other,Fly,Happy,"Doctor or nurse",Health
USA,NY,2020,"10        ",Male,16,Right-Handed,157,20,142,1,Bus,45,0.786,110,None,200,200,900,799,400,600,20,"Same length",80,6,"Index finger",May,Fall,Yes,No,"No favorite","Soft drink (caffeinated)",Other,6,10,4,"Yes - broadband connection","Myspace, Facebook, other social networking sites, or blog",4,2,3,1,3,2,0,2,3,4,12,5,8,1,"A lot","Some college","Rap/Hip hop",Fly,Rich,Actor,"Education/Youth development"
USA,NY,2020,"12        ",Male,18,Right-Handed,182.8,33.02,204.2,1,Car,10-15,.446,49,Basketball,727,738,1000,866,647,449,33.02,"Same length",40mm,40mm,"Same length",April,Spring,No,No,Seafood,Water,"Mathematics and statistics",8,7,4,"Yes - broadband connection","Cell phone",10,14,36,128,24,48,158,12,12,54,168,48,12,8,"Very little","Graduate degree","Rap/Hip hop",Fly,Healthy,"Business person",Environment
USA,NY,2020,"10        ",Male,17,Right-Handed,176,24,184,1,Car,10,0.261,36,Basketball,750,750,600,800,100,450,23,"Right foot",3.2'',3.3,,,,,,,,,,,,,,,,,,,,,,,,,,,,,,,,,,
USA,NY,2020,"12        ",Male,17,Right-Handed,173,28,186,3,"Rail (Train/Tram/Subway)",50,0.315,41,Basketball,600,700,750,500,900,900,28,"Same length",100,100,"Same length",May,Spring,No,No,Meat,Water,Languages,8,10,5,"Yes - broadband connection","In person",50,100,6,1,2,6,1,0,2,2,6,2,0,2,Some,"Undergraduate degree","Rap/Hip hop",Telepathy,Healthy,"Sports person","International aid"
USA,NY,2020,"12        ",Female,18,Right-Handed,,,,1,"Rail (Train/Tram/Subway)",30,.28,52,,,,,,,,,,,,,,,,,,,,,,,,,,,,,,,,,,,,,,,,,,,,,
USA,NY,2020,"10        ",Female,18,Right-Handed,5'5,9,6,2,Bus,30-45,0.481,76,Basketball,1000,1000,1000,1000,0,0,9,"Same length",30,35,"Same length",May,Spring,Yes,No,Meat,Juice,History,6-8,5-7,5,"Yes - other","Text messaging",2-4,10-20,0,6,2,24,24,10,24,24,24,15,24,24,"A lot","High school","Rap/Hip hop",Invisibility,Happy,"Doctor or nurse",Health
USA,NY,2020,"12        ",Male,16,Ambidextrous,155,23,166,1,Bus,25,,,Walking/Hiking,,,,,,,23,"Same length",70,80,"Ring finger",July,Spring,No,Yes,Desserts,Other,English,10,10,4,"Yes - broadband connection",E-mail,0,0,1,0,15,4,1,0,1,0,14,8,0,0,"A lot","Graduate degree","Rock and roll",Fly,Happy,Relative,"Education/Youth development"
USA,NY,2020,"12        ",Female,16,Right-Handed,155,23,155,3,"Rail (Train/Tram/Subway)",60,0.38,44,Other,176,658,385,604,471,786,23,"Same length",70,76,"Ring finger",February,Spring,No,No,Pizza/Pasta,Juice,Science,6,10,4,"Yes - dial-up connection","Text messaging",20,20,1,0,28,13,3,1,21,7,77,14,0,12,"A lot",Other,Other,Fly,Healthy,Relative,"International aid"
USA,NY,2020,"11        ",Female,16,Right-Handed,177,23,168,1,Walk,4,0.409,41,Basketball,1000,850,800,900,10,500,23,"Same length",70,80,"Ring finger",September,Fall,Yes,No,Fruit,Tea,Science,6,7-8,4,"Yes - broadband connection",Telephone,20,60,50,21,7,20,14,0,15,7,15,0,9,14,Some,Other,"Rap/Hip hop",Fly,Happy,Friend,Environment
USA,NY,2020,"12        ",Male,17,Right-Handed,80,25.5,183,2,"Rail (Train/Tram/Subway)",40,0.829,49,"Hockey (Field)",1000,1000,1000,1000,460,455,26.5,"Left foot",76,77,"Ring finger",September,Summer,No,No,Salads,Juice,Geography,6.5,8.5,4,"Yes - broadband connection","Text messaging",21,15,8,1,28,4,0,0,20,2,10,4,0,2,"A lot","Graduate degree","Rhythm and blues (R&B)",Fly,Happy,Politician,Environment
USA,NY,2020,"12        ",Female,17,Right-Handed,170,22,167,1,Car,70,.52,64,Swimming,1000,500,900,300,1000,1000,23,"Left foot",100,70,"Index finger",May,Fall,No,No,"Rice/Noodle dishes",Water,"Mathematics and statistics",7-8,12,4,"Yes - broadband connection","Myspace, Facebook, other social networking sites, or blog",55,45,10,6,20,9,1,0,25,7,70,30,0,2,Some,"Graduate degree","Rap/Hip hop",Telepathy,Famous,Actor,"International aid"
USA,NY,2020,"12        ",Male,18,Right-Handed,171,62,240,2,"Rail (Train/Tram/Subway)",60,0.38,60,Soccer,950,970,970,970,700,700,61,"Right foot",100,120,"Ring finger",,Summer,No,No,Salads,Water,Art,7,8,4,"Yes - other",,10,12,5,1,10,10,7,7,10,1,10,0,0,10,Some,"Some college","Punk rock","Freeze time",Happy,"Musician or singer",Environment
USA,NY,2020,"10        ",Male,16,Right-Handed,170,,,1,Bus,90,.334,34,Baseball/Softball,631,797,695,481,0,321,,,,,,May,Winter,Yes,No,Fruit,Juice,,6,6,3,"Yes - other","Myspace, Facebook, other social networking sites, or blog",7,5,25,0,15,,,,,,,,,,"Very little","Some college","Rap/Hip hop","Freeze time",Happy,"Community leader or elder","International aid"
USA,NY,2020,"12        ",Male,17,Right-Handed,173,27,182,2,"Rail (Train/Tram/Subway)",48,0.268,47,Basketball,1000,900,950,900,850,1000,27.5,"Left foot",100,104,"Ring finger",April,Fall,No,No,Poultry,Water,"Mathematics and statistics",7,9,4,"Yes - broadband connection","In person",500,530,8,2,12,6,1,4,12,4,20,3,0,8,"A lot","Graduate degree","Rap/Hip hop",Fly,Happy,Actor,"Education/Youth development"
USA,NY,2020,"12        ",Female,17,Right-Handed,180,24,178,1,"Rail (Train/Tram/Subway)",45,0.635,39,Walking/Hiking,1000,1000,1000,1000,0,1000,24,"Same length",89,76,"Index finger",April,Fall,Yes,No,Meat,Juice,Art,6,10,4,"Yes - other","Text messaging",100,100,4,50,10,15,0,6,130,150,100,7,0,7,Some,"Graduate degree","Rap/Hip hop",Telepathy,Happy,Friend,"Education/Youth development"
USA,NY,2020,"12        ",Male,17,Right-Handed,175,27,69,3,"Rail (Train/Tram/Subway)",30,0.466,42,Athletics,727,727,80,500,680,786,27,"Same length",8,8,"Same length",February,Spring,Yes,No,Desserts,Water,"Physical education",7,8,3,"Yes - broadband connection","Text messaging",30,100,2,1,25,5,15,8,110,112,31,0,0,1,"A lot","Graduate degree",Pop,"Freeze time",Healthy,Relative,Health
USA,NY,2020,"12        ",Male,18,Right-Handed,180,26,185,2,Bus,20,.272,32,Soccer,1000,1000,1000,1000,1000,1000,185,"Same length",72,76,"Ring finger",May,Spring,No,No,Meat,Water,Science,6,9,6,"Yes - broadband connection","Myspace, Facebook, other social networking sites, or blog",21,35,6,1,21,10,14,2,4,2,56,0,4,8,"A lot","Graduate degree","Rap/Hip hop",Telepathy,Happy,Relative,"International aid"
USA,NY,2020,"11        ",Female,17,Right-Handed,152,23,152,1,Car,8,.338,40,Baseball/Softball,800,800,800,800,800,800,20,"Right foot",50,56,"Ring finger",February,Fall,Yes,Yes,Pizza/Pasta,Water,English,8,6,2,"Yes - broadband connection","Text messaging",100,100,16,8,12,1,12,.5,0,8,20,24,0,8,"Very little","Graduate degree","Rhythm and blues (R&B)",Invisibility,Happy,"Musician or singer",Environment
USA,NY,2020,"12        ",Female,16,Ambidextrous,152,23,160,1,Car,4,0.286,50,Bowling,679,882,524,513,636,952,22,"Right foot",85,75,"Index finger",February,Spring,Yes,No,Meat,Milk,Science,5,10,4,"Yes - broadband connection","Text messaging",3,5,0,1,30,20,5,2,5,1,120,5,0,2,Some,"Graduate degree",Jazz,Fly,Healthy,Teacher,Health
USA,NY,2020,"12        ",Male,18,Right-Handed,172.7,21.59,177.8,4,"Rail (Train/Tram/Subway)",20,0.023,39,Basketball,1000,1000,1000,1000,500,1000,21.59,"Same length",40,40,"Same length",September,Summer,Yes,No,"Rice/Noodle dishes",Tea,History,7,11,3,"Yes - broadband connection","Text messaging",73,120,24,48,34,10,72,96,96,75,96,0,48,98,"A lot","High school","Rap/Hip hop","Super strength",Happy,"Sports person",Environment
USA,NY,2020,"12        ",Male,,,,,,,,,,,,,,,,,,,,,,,,,,,,,,,,,,,,,,,,,,,,,,,,,,,,,,,
USA,NY,2020,"12        ",Male,17,Right-Handed,170.1,26,,1,"Rail (Train/Tram/Subway)",15,.3,42,Baseball/Softball,400,200,600,400,300,1000,25,"Right foot",8,9,"Index finger",November,Spring,No,No,Poultry,"Soft drink (caffeinated)","Computers and technology",7,10,7,"Yes - broadband connection","Text messaging",4,5,4,24,3,10,0,4,24,3,48,0,0,1,Some,"Graduate degree","Rap/Hip hop",Telepathy,Rich,"Musician or singer",Health
USA,NY,2020,"12        ",Female,17,Right-Handed,161,24,166,2,"Rail (Train/Tram/Subway)",45,0.489,51,Running/Jogging,1000,900,800,900,600,600,24,"Right foot",95,85,"Index finger",December,Summer,No,No,Fruit,Water,History,9,10,4,"Yes - broadband connection","Text messaging",75,100,20,2,20,15,9,0,10,8,15,10,0,3,"A lot","Graduate degree",Pop,Fly,Happy,Friend,Environment
USA,NY,2020,"12        ",Female,15,Right-Handed,168,24,154,2,Car,4,0.386,37,Baseball/Softball,400,600,500,300,800,900,23,"Right foot",70,76,"Ring finger",October,Summer,No,No,Meat,Tea,History,7,11,4,"Yes - other","Internet chat or instant messaging",5,4,45,2,5,10,8,0,15,2,25,6,0,1,Some,"Graduate degree",Pop,Fly,Famous,"Musician or singer",Religious
USA,NY,2020,"10        ",Male,15,Left-Handed,183,30,91,2,Car,8,0.301,37,Basketball,,,,,,,25,"Same length",76,76,"Same length",August,Summer,No,No,Meat,Water,"Physical education",8,8,6,"Yes - broadband connection","Text messaging",40,60,20,56,21,10,7,14,22,2,70,6,0,17,Some,"Graduate degree","Rap/Hip hop","Super strength",Rich,"Business person",Health
USA,NY,2020,"12        ",Male,17,Right-Handed,160,26.5,159,4,"Rail (Train/Tram/Subway)",30,0.41,46,Dancing,872,508,134,856,1000,1000,26,"Right foot",80,80,"Same length",July,Summer,No,Yes,Pizza/Pasta,Water,"Mathematics and statistics",8,8,4,"Yes - broadband connection","Text messaging",200,450,7,7,10,30,15,0,3,3,20,7,0,20,Some,"Graduate degree",Pop,"Freeze time",Rich,"Business person","International aid"
USA,NY,2020,"12        ",Female,17,Right-Handed,160,15,155,2,Car,10,.73,61,None,900,900,1000,1000,750,850,15,"Same length",127,127,"Same length",April,Summer,No,No,Pizza/Pasta,Water,Science,7,10,4,"Yes - other","Text messaging",200,200,12,0,12,8,6,0,2,3,5,2,0,7,"A lot","Graduate degree","Rhythm and blues (R&B)",Telepathy,Healthy,"Sports person",Environment
USA,NY,2020,"12        ",Female,17,Right-Handed,161,24,166,2,"Rail (Train/Tram/Subway)",45,0.489,51,Running/Jogging,1000,,,,,,,,,,,,,,,,,,,,,,,,,,,,,,,,,,,,,,,,,,,
USA,NY,2020,"12        ",Female,16,Right-Handed,163,21,160,3,"Rail (Train/Tram/Subway)",60,0.313,52,Swimming,950,950,800,1000,700,900,21,"Left foot",64,66,"Ring finger",December,Winter,Yes,No,"Rice/Noodle dishes",Water,Art,5,9,5,"Yes - broadband connection","Text messaging",20,320,0,0.5,35,20,0,2,10,3,40,8,0,8,"A lot","Graduate degree",Pop,Telepathy,Healthy,Relative,Health
USA,NY,2020,"12        ",Female,17,Right-Handed,169,28,169,3,Walk,30,0.458,43,Dancing,1000,1000,1000,1000,1000,1000,28,"Same length",78.74,81.28,"Ring finger",November,Fall,No,No,Seafood,Water,Music,6,9,4,"Yes - broadband connection","Myspace, Facebook, other social networking sites, or blog",30,70,6,28,18,28,2,0,6,7,40,30,0,10,Some,"Some college",Classical,"Freeze time",Healthy,"Doctor or nurse",Environment
USA,NY,2020,"12        ",Male,17,Right-Handed,183,25,188,2,Car,10,.325,34,Other,989,,,,,,,,,,,,,,,,,,,,,,,,,,,,,,,,,,,,,,,,,,,
USA,NY,2020,"12        ",Female,16,Right-Handed,170,25,170,2,"Rail (Train/Tram/Subway)",50,0.537,41,Swimming,1000,888,503,658,1000,1000,24,"Right foot",69,73,"Ring finger",August,Fall,Yes,No,Pizza/Pasta,Water,Science,8,10,2,"Yes - broadband connection","Text messaging",17,29,1,3,18,7,1,0,8,4,24,8,0,2,"A lot","Graduate degree",Pop,Telepathy,Happy,Relative,"International aid"
USA,NY,2020,"11        ",Male,17,Right-Handed,185,28,229,1,Walk,15,".37 ",90sec,Tennis,800,700,400,400,500,600,28,"Right foot",113,114,"Index finger",December,Winter,Yes,No,Meat,Water,Other,6,6.5,3,"Yes - other","Text messaging",12,10,0,.25,3,2,7,40,50,2,50,30,0,2,None,"Graduate degree","Rap/Hip hop","Super strength",Rich,"Sports person","Arts, culture, sports"
USA,NY,2020,"12        ",Female,17,Right-Handed,5'7,170.2,172.1,2,Car,10,.288,37,Soccer,1000,900,700,800,500,800,24.13,"Right foot",165.1,158.8,"Ring finger",December,Fall,Yes,No,Soups,Water,Art,6,8,6,"Yes - other","Text messaging",8,10,4,7,5,10,12,2,10,7,5,6,18,6,Some,"Graduate degree","Punk rock","Freeze time",Healthy,Relative,Environment
USA,NY,2020,"12        ",Male,18,Right-Handed,170.1,22.22,173.6,1,Car,10," .358",42,Other,930,856,941,941,695,711,23.17,"Left foot",6.985,6.985,"Same length",March,Winter,Yes,No,Desserts,Water,English,4,8,2,"Yes - broadband connection","Text messaging",14,17,0,0,7,7,0,25,0,4,49,0,26,4,"Very little","Graduate degree",Other,"Freeze time",Rich,Other,Other
USA,NY,2020,"12        ",Female,17,Right-Handed,180,28,182,1,Car,20,.396,50,Athletics,1000,700,700,500,200,300,25,"Right foot",76,77,"Index finger",July,Summer,Yes,No,Pizza/Pasta,Water,"Physical education",7,5,5,"Yes - other","Myspace, Facebook, other social networking sites, or blog",20,20,3,10,10,20,50,1,14,5,20,20,12,5,Some,"Undergraduate degree",Pop,Telepathy,Happy,Relative,Health
USA,NY,2020,"11        ",Male,27,Ambidextrous,175.3,22.86,100,3,Car,15,.394,37,Soccer,750,750,300,500,900,900,22.86,"Same length",8.3,8,"Index finger",October,Winter,Yes,No,Desserts,"Soft drink (caffeinated)","Mathematics and statistics",4,6,1,"Yes - broadband connection","Text messaging",200,200,2,8,0,4,1,0,5,8,40,14,40,4,"A lot","Graduate degree",Pop,"Freeze time",Happy,Other,"Education/Youth development"
USA,NY,2020,"10        ",Female,17,Left-Handed,144,15,30,1,Bus,10,0.842,46,Soccer,1000,1000,1000,1000,1000,1000,15,"Same length",60,50,"Index finger",February,Fall,No,No,Desserts,Water,History,8,9,2,"Yes - broadband connection","Myspace, Facebook, other social networking sites, or blog",0,0,0,0,2,0,0,0,6,0,6,0,0,1,Some,"Graduate degree","Punk rock",Fly,Happy,"Musician or singer","International aid"
USA,NY,2020,"12        ",Male,17,Right-Handed,69,11.5,170,2,Bus,20,0.04,49,Basketball,8,9,7,7,8,8,11.4,"Right foot",29,30,"Ring finger",May,Fall,No,No,"Rice/Noodle dishes",Water,"Computers and technology",7,10,5,"Yes - broadband connection","In person",20,25,0,0,20,7,0,14,20,4,35,0,0,3,Some,"High school","Rap/Hip hop",Invisibility,Rich,Actor,Health
USA,NY,2020,"12        ",Male,17,Right-Handed,183,25,188,2,Car,10,.325,34,Other,989,893,765,979,845,845,25,"Same length",68,71,"Ring finger",January,Winter,No,No,Breads/Sandwiches,Water,Science,7,10,3,"Yes - broadband connection","Internet chat or instant messaging",4,10,8,0,15,15,0,25,10,0,10,0,0,5,"A lot","Graduate degree","Rap/Hip hop","Freeze time",Happy,Actor,"International aid"
USA,NY,2020,"12        ",Female,17,Left-Handed,180,25,90,2,Bus,20,0.240,28,"Martial Arts",968,802,909,893,508,770,25.4,"Left foot",85,90,"Same length",May,Winter,No,No,Meat,Milk,Art,7,9,3,"Yes - broadband connection","Myspace, Facebook, other social networking sites, or blog",20,50,4,7,10,6,15,10,20,7,5,4,5,8,Some,"Graduate degree","Rap/Hip hop",Fly,Healthy,"Sports person","Wildlife, animals"
USA,NY,2020,"12        ",Female,17,Right-Handed,162.7,23.3,169,2,Car,35,0.443,65,Other,,,,,,,23.5,"Same length",70,70,"Same length",March,Spring,No,No,Breads/Sandwiches,Water,Art,4,11,5,"Yes - dial-up connection","Text messaging",62,89,30,7,42,"10 ",5,0,0,3,140,4,0,14,"A lot",Other,Pop,Telepathy,Happy,Relative,Health
USA,NY,2020,"12        ",Male,18,Left-Handed,187,29,177,1,Car,12,0.402,41,Baseball/Softball,200,440,700,600,800,1000,29,"Same length",88,90,"Ring finger",April,Spring,No,No,Pizza/Pasta,"Soft drink (non-caffeinated)","Mathematics and statistics",7,9,4,"Yes - other","Text messaging",25,50,6,1,3,5,10,1,3,2,50,0,0,1,"Very little","Graduate degree","Rap/Hip hop",Telepathy,Rich,"Business person",Health
USA,NY,2020,"12        ",Female,17,Right-Handed,175,1,,,,,,,,,,,,,,,,,,,,,,,,,,,,,,,,,,,,,,,,,,,,,,,,,,,
USA,NY,2020,"11        ",Female,16,Right-Handed,"160 ","24 cm",72,1,Bus,"40 ",3.305,43,Dancing,900,700,900,900,1000,900,"24 cm","Same length",100,80,"Index finger",April,Fall,Yes,No,Seafood,Water,English,"7 ",10,3,"Yes - broadband connection","Text messaging",300,250,20,12,"10 ",2,1,1,15,5,30,2,0,6,Some,"Graduate degree",Other,"Freeze time",Happy,Relative,Health
USA,NY,2020,"12        ",Female,17,Right-Handed,163,24,159,2,"Rail (Train/Tram/Subway)",60,0.708,48,Dancing,861,674,588,845,1000,1000,24,"Same length",7,6,"Index finger",March,Summer,Yes,No,"No favorite",Water,"Social studies",6,7,3,"Yes - other","Internet chat or instant messaging",0,1,5,0,40,3,4,0,2,1,60,0,0,5,Some,"Graduate degree",Pop,Fly,Happy,Relative,"Education/Youth development"
USA,NY,2020,"12        ",Female,16,Right-Handed,178,22,178,2,"Rail (Train/Tram/Subway)",25,0.361,35,Soccer,829,690,348,695,417,663,22,"Right foot",7,7,"Same length",November,Fall,No,No,Poultry,Water,Languages,7,10,4,"Yes - broadband connection","In person",15,20,10,20,12,10,10,5,20,2,8,5,10,3,Some,"Graduate degree",Pop,Fly,Happy,Relative,Health
USA,NY,2020,"12        ",Female,16,Right-Handed,0,0,0,1,Car,30,0.298,40,Swimming,1000,890,840,840,840,830,0,,0,0,"Same length",July,Summer,No,No,Seafood,Water,"Mathematics and statistics",7,9,4,"Yes - broadband connection","Text messaging",15,20,3,3,20,8,14,2,5,2,10,2,0,7,Some,"Graduate degree","Rap/Hip hop",Telepathy,Rich,"Doctor or nurse",Other
USA,NY,2020,"12        ",Female,17,Right-Handed,168.3,24.7,170.2,1,Car,12,.537,32,Soccer,594,465,711,733,524,711,24.8,"Left foot",76.2,78.7,"Ring finger",December,Fall,Yes,No,Fruit,Water,Art,6,8,3,"Yes - other","Text messaging",,,15,3,10,20,3,0,14,7,20,2,20,10,Some,"Undergraduate degree",Pop,Telepathy,Happy,Relative,Health
USA,NY,2020,"12        ",Female,17,Right-Handed,161,249,157,1,Car,30,.375,30,"Martial Arts",503,900,283,91,1000,1000,260,"Left foot",63.5,63.5,"Same length",June,Spring,Yes,No,Pizza/Pasta,Water,Art,5,12,3,"Yes - other","Cell phone",32,63,28,35,25,14,0,0,49,30,40,0,0,7,Some,"Graduate degree","Rap/Hip hop",Telepathy,Rich,Relative,"Education/Youth development"
USA,NY,2020,"12        ",Female,17,Right-Handed,168.5,24,176,3,"Rail (Train/Tram/Subway)",60,0.542,46,Walking/Hiking,898,818,727,572,283,642,23.5,"Right foot",78,77,"Index finger",August,Spring,No,No,"Rice/Noodle dishes",Water,English,6,9,7,"Yes - broadband connection","Text messaging",1000,1000,8,12,36,40,2,0,12,60,80,9,0,25,Some,"Graduate degree","Rap/Hip hop",,Happy,Relative,"International aid"
USA,NY,2020,"12        ",Female,17,Right-Handed,159,23,159,1,Bus,30,0.474,44,Walking/Hiking,775,690,380,636,1000,1000,22,"Right foot",91,96,"Ring finger",March,Summer,Yes,No,Desserts,Water,Science,6.5,9,2,"Yes - broadband connection","In person",28,117,10,2,20,8,0,0,25,4,15,11,6,1,Some,"Graduate degree",Pop,Fly,Happy,Relative,Health
USA,NY,2020,"12        ",Female,17,Right-Handed,165.1,21.2,156.5,2,"Rail (Train/Tram/Subway)",20,0.515,47,Skateboarding/Rollerblading,1000,1000,800,800,900,1000,22,"Left foot",6.0,6.5,"Ring finger",July,Spring,No,No,Pizza/Pasta,Water,English,6,12,5,"Yes - broadband connection","Text messaging",100,100,5,6,10,10,0,0,10,10,20,2,0,0,"Very little","Graduate degree","Rap/Hip hop","Freeze time",Happy,Relative,"International aid"
USA,NY,2020,"12        ",Male,17,Right-Handed,188,28,190,1,Car,6,0.433,49,Lacrosse,500,600,250,250,700,700,28,"Same length",84,74,"Index finger",June,Summer,No,No,Meat,Juice,Other,7,9,3,"Yes - broadband connection","Text messaging",25,50,4,1,5,12,1,15,8,1,1,0,17,1,Some,"Graduate degree","Rap/Hip hop",Telepathy,Happy,Relative,Health
USA,NY,2020,"12        ",Female,17,Right-Handed,169,23.5,175,2,"Rail (Train/Tram/Subway)",55,0.434,53,Running/Jogging,900,875,850,875,610,750,23,"Right foot",100,103,"Ring finger",September,Fall,Yes,Yes,Vegetables,Water,English,6.5,9,4,"Yes - broadband connection","In person",48,55,21,0.5,26,13,5,0,3.5,2.5,21,4,1,1,Some,"Undergraduate degree",Pop,Fly,Happy,Other,Environment
USA,NY,2020,"12        ",Male,17,Left-Handed,180.3,25.4,,1,Car,5,0.359,45,"Hockey (Ice)",802,620,,,,,,,,,,,,,,,,,,,,,,,,,,,,,,,,,,,,,,,,,,
USA,NY,2020,"12        ",Female,17,Left-Handed,163,22,160,2,Walk,15,0.608,33,Other,9000,8000,8000,8000,6000,7000,22,"Same length",64,67,"Ring finger",February,Fall,No,No,Poultry,Juice,Art,6,9,6,"Yes - broadband connection","Internet chat or instant messaging",100,100,10,1,20,55,3,0,5,1,10,2,0,10,"A lot","Undergraduate degree","Rhythm and blues (R&B)",Fly,Happy,Relative,Health
USA,NY,2020,"12        ",Female,17,Right-Handed,62,10,63,2,Bus,65,0.354,36,Baseball/Softball,900,900,900,900,700,800,9,"Right foot",60,65,"Ring finger",June,Spring,No,No,Seafood,Water,Science,6,10,3,"Yes - broadband connection","Text messaging",40,50,8,3,14,4,0,0,10,4,7,14,0,16,"A lot","Graduate degree","Rap/Hip hop",Fly,Healthy,Relative,"International aid"
USA,NY,2020,"12        ",,,,,,,,,,,,,,,,,,,,,,,,,,,,,,,,,,,,,,,0,25,10,3,0,10,7,20,0,0,12,"A lot","Graduate degree",Pop,"Freeze time",Happy,"Community leader or elder",Environment
USA,NY,2020,"12        ",Female,18,Right-Handed,5’8,24,168,3,Bus,80,1.0,56,Athletics,1000,1000,1000,1000,500,500,23,"Right foot",30,29,"Index finger",January,Spring,Yes,No,Pizza/Pasta,Water,Science,6,8,3,"Yes - other","In person",5,10,5,0,20,10,5,0,10,1,20,3,0,5,"A lot","Graduate degree",Classical,Invisibility,Happy,Relative,"International aid"
USA,NY,2020,"12        ",Female,17,Right-Handed,171,24.5,75.5,3,"Rail (Train/Tram/Subway)",50,0.428,46,Dancing,1000,1000,802,1000,802,802,25.5,"Left foot",73,75,"Ring finger",December,Summer,Yes,Yes,Pizza/Pasta,Water,Science,7,9,5,"Yes - broadband connection","In person",20,30,5,3,20,10,4,0,7,1,10,3,1,1,"A lot","Graduate degree",Classical,Fly,Happy,Actor,Environment
USA,NY,2020,"12        ",Male,17,Right-Handed,177.8,25,186,1,Car,90,0.387,31,Soccer,900,300,900,600,100,400,70,"Left foot",70,80,"Same length",March,Fall,No,No,"No favorite",Water,"Social studies",5,8,4,"Yes - broadband connection","Text messaging",10,93,5,0,6,0,0,10,18,1,40,15,1,2,"A lot","Graduate degree","Rap/Hip hop",Telepathy,Happy,Teacher,"Education/Youth development"
USA,NY,2020,"10        ",Male,16,Right-Handed,172.7,27.94,91.44,1,Bus,15,.6545,64,Basketball,1000,1000,1000,1000,500,1000,26.67,"Right foot",70,50,"Index finger",December,Summer,Yes,No,Seafood,Water,"Physical education",8,12,3,"Yes - broadband connection","Text messaging",70,120,60,100,10,15,20,80,120,168,168,10,35,5,Some,"High school","Rap/Hip hop",Invisibility,Rich,Relative,Environment
USA,NY,2020,"12        ",Male,18,Right-Handed,175,27,175,3,"Rail (Train/Tram/Subway)",25,0.358,30,Tennis,700,700,500,500,1000,1000,26,"Left foot",98,103,"Ring finger",October,Spring,No,No,"No favorite",Water,"Mathematics and statistics",6,10,6,"Yes - other","Text messaging",400,999,2,1,7,5,0,9,4,5,9,3,10,3,Some,"Graduate degree",Pop,"Freeze time",Happy,Teacher,"Education/Youth development"
USA,NY,2020,"12        ",Female,16,Right-Handed,,,,2,"Rail (Train/Tram/Subway)",50,0.386,29,Swimming,1000,900,900,1000,900,900,,"Same length",,,"Index finger",June,Fall,No,No,"No favorite",Water,Science,7,10,4,"Yes - broadband connection","Myspace, Facebook, other social networking sites, or blog",5,10,5,0,11,5,12,0,7,1,49,0,0,0,Some,"Graduate degree",Pop,Telepathy,Healthy,"Sports person",Environment
USA,NY,2020,"12        ",Male,17,Left-Handed,183,25,180,1,Bus,15,0.374,47,Basketball,289,818,759,91,1000,1000,25,"Same length",102,104,"Ring finger",November,Summer,Yes,No,Meat,"Powdered drink","Mathematics and statistics",8,10,6,"Yes - other","Myspace, Facebook, other social networking sites, or blog",2,2,40,10,15,30,10,5,20,10,50,15,0,7,"A lot","Graduate degree","Rap/Hip hop",Invisibility,Rich,"Sports person",Religious
USA,NY,2020,"12        ",Female,17,Right-Handed,162.5,22.5,104.5,2,"Rail (Train/Tram/Subway)",40,0.322,28,Cycling,1000,800,700,750,600,600,23.5,"Same length",75,62,"Index finger",September,Fall,Yes,No,Salads,Water,English,6,10,5,"Yes - broadband connection","Text messaging",600,650,3,70,10,168,0,100,160,160,160,50,5,10,Some,Other,Other,"Freeze time",Rich,Teacher,"Wildlife, animals"
USA,NY,2020,"12        ",Female,17,Right-Handed,149.9,21.59,152.4,1,Car,7," 0.33",33,Bowling,500,500,600,700,700,800,21.59,"Same length",63.5,66.04,"Ring finger",July,Fall,Yes,No,"Rice/Noodle dishes",Water,"Mathematics and statistics",8,10,4,"Yes - broadband connection","Text messaging",14,19,7,3,1,5,2,1,5,1,5,7,0,3,Some,"Graduate degree",Pop,Fly,Healthy,Relative,Health
USA,NY,2020,"12        ",Female,17,Right-Handed,158,,,2,"Rail (Train/Tram/Subway)",25,0.355,42,Tennis,,,,,,,,,,,"Ring finger",September,Fall,Yes,No,"No favorite",Water,"Mathematics and statistics",5,12,5,"Yes - dial-up connection","Myspace, Facebook, other social networking sites, or blog",1000,1000,4,1,15,15,2,0,40,10,70,3,16,5,"A lot","Graduate degree",Pop,Fly,Healthy,Relative,Environment
USA,NY,2020,"11        ",Male,16,Right-Handed,175,27,150,1,Bus,32,.411,33,None,1000,754,770,802,1000,1000,27,"Same length",76,80,"Ring finger",January,Spring,No,No,"No favorite",Water,,6,5,5,"Yes - broadband connection","Text messaging",40,30,0,40,7,0,0,30,40,5,60,29,0,6,"A lot","Graduate degree",Other,"Freeze time",Rich,Friend,Other
USA,NY,2020,"12        ",Male,16,Right-Handed,177.8,25,172,1,Car,"13 ",.444,49,Lacrosse,700,700,100,200,15,900,24,"Right foot",82,95,"Ring finger",November,Summer,Yes,No,"Rice/Noodle dishes","Sports drink","Mathematics and statistics",6-7,4-6,5,"Yes - broadband connection","Text messaging",15,20,9,.1,3,1,3,5,8,2,2,2,14,1,Some,"Graduate degree","Rap/Hip hop",Invisibility,Rich,Relative,"Wildlife, animals"
USA,NY,2020,"12        ",Male,17,Right-Handed,170.1,21.59,166.3,3,Car,20," 0.63",39,Soccer,1000,636,583,583,535,535,21.59,"Same length",101.6,76.2,"Index finger",October,Spring,No,No,Other,Water,English,7,10,7,"No internet connection","Internet chat or instant messaging",4,4,0,6,2,1,2,5,1,1,5,0,0,1,Some,"Graduate degree",Other,"Super strength",Happy,"Sports person",Health
USA,NY,2020,"10        ",Female,16,Right-Handed,5'2,"6 1/2","idk ",1,Car,"10 ",0.503,52,,100,50,80,70,0,90,"6 1/2","Same length",63,"63 .5","Ring finger",April,Summer,No,Yes,Pizza/Pasta,Water,Other,8,13,3,"Yes - broadband connection","Text messaging",300,50,"5 hrs","1 hr ","1 hr ","1 hr ","1 hr ","1 hr ","20 hr","19 hr","24 hr","22 hr",0,"2 hr",Some,Other,"Rhythm and blues (R&B)","Freeze time",Healthy,Relative,Health
USA,NY,2020,"12        ",Male,17,Right-Handed,174,26,180,1,"Rail (Train/Tram/Subway)",55,.332,48,Basketball,850,700,750,850,900,1000,26,"Same length",70,71,"Ring finger",November,Summer,Yes,No,Meat,Water,"Mathematics and statistics",7,9,2,"Yes - broadband connection","Text messaging",30,127,30,1,10,1,5,24,17,4,60,3,0,0,Some,"Undergraduate degree","Rap/Hip hop",Fly,Famous,"Sports person",Health
USA,NY,2020,"12        ",Female,15,Right-Handed,152,0,0,2,"Rail (Train/Tram/Subway)",25,0.418,43,Dancing,952,952,530,968,529,706,0,"Right foot",0,0,"Same length",April,Spring,No,No,Pizza/Pasta,Tea,"Mathematics and statistics",7,8,3,"Yes - broadband connection","Text messaging",20,30,2,0.5,12,10,8.5,0,3,1,70,2,0,2,"Very little","Graduate degree",Classical,Fly,Happy,Politician,Environment
USA,NY,2020,"12        ",Female,17,Right-Handed,167,"23 ",159,2,Car,15,0.444,49,Walking/Hiking,1000,1000,797,898,604,706,23,"Same length",58,63,"Ring finger",April,Fall,No,No,Fruit,Water,Art,7.5,10,3,"Yes - broadband connection","Text messaging",50,45,4,0,15,20,0,9,14,14,35,0,0,16,"A lot",Other,Pop,Fly,Happy,Other,Health
USA,NY,2020,"12        ",Female,16,Right-Handed,160.0,23.5,152.0,1,Car,"20 ",0.387,36,Baseball/Softball,500,250,250,700,500,500,23.5,"Same length",63.5,58.42,"Index finger",October,Fall,Yes,No,Seafood,Water,Art,6,8,4,"Yes - other","In person",100,100,24,9,9,12,9,0,15,24,17,45,0,2,"Very little","Graduate degree",Pop,Telepathy,Happy,"Musician or singer","Wildlife, animals"
USA,NY,2020,"11        ",Male,18,Right-Handed,168,23,165,1,Walk,9,.285,32,Other,465,273,781,684,567,353,22,"Right foot",83,89,"Ring finger",January,Winter,Yes,No,"Rice/Noodle dishes","Energy drink",Other,6,4,4,"Yes - broadband connection","Myspace, Facebook, other social networking sites, or blog",4,4,6,0,1,2,15,15,4,4,4,0,4,3,"Very little","Graduate degree","Rock and roll","Freeze time",Happy,"Coach or club leader","Education/Youth development"
USA,NY,2020,"12        ",Female,17,Right-Handed,157,24,154,1,Car,5," 0.39",28,Tennis,818,561,684,1000,909,941,23,"Right foot",76,71,"Index finger",November,Fall,Yes,No,"Rice/Noodle dishes",Water,History,7,8,6,"Yes - other","Text messaging",65,78,10,0,16,5,12,5,24,4,13,6,20,3,Some,"Graduate degree",Other,Fly,Happy,Relative,"Education/Youth development"
USA,NY,2020,"10        ",Male,16,Right-Handed,170,27,73,1,Bus,90,.334,34,Baseball/Softball,631,797,695,481,0,321,27,"Same length",80,80,"Same length",May,Winter,Yes,No,Fruit,Juice,,6,6,3,"Yes - other","Myspace, Facebook, other social networking sites, or blog",7,5,25,0,15,1,10,,21,1,21,0,0,3,"Very little","Some college","Rap/Hip hop","Freeze time",Happy,"Community leader or elder","International aid"
USA,NY,2020,"12        ",Female,17,Right-Handed,162,23.5,160,1,Car,8,.477,33,Soccer,1000,1000,1000,1000,500,600,23,"Right foot",7.6,6.35,"Index finger",December,Fall,No,No,Meat,Water,Science,8,10,5,"Yes - broadband connection","Text messaging",100,150,25,.5,6,5,8,1,15,10,20,10,15,2,Some,"Graduate degree",Country,Telepathy,Happy,"Sports person","Education/Youth development"
USA,NY,2020,"12        ",Male,17,Left-Handed,177.6,26,168,2,Car,12,.22,38,"Football (American)",1000,1000,1000,1000,1000,1000,26,"Same length",90,98,"Ring finger",March,Fall,Yes,No,Poultry,Water,History,6,10,4,"Yes - broadband connection","Internet chat or instant messaging",20,30,6,2,2,2,5,8,1,1,81,1,0,0,"A lot","High school","Rap/Hip hop","Super strength",Famous,"Sports person",Health
USA,NY,2020,"12        ",Male,17,Right-Handed,75,26,168,4,"Rail (Train/Tram/Subway)",75,0.295,33,Running/Jogging,1000,1000,1000,1000,750,750,26,"Same length",102,105,"Ring finger",March,Fall,Yes,No,Poultry,Water,"Computers and technology",6.5,8.5,5,"Yes - broadband connection","Myspace, Facebook, other social networking sites, or blog",30,30,20,1,5,5,4,0,12,1,12,0,0,6,Some,"Undergraduate degree","Rap/Hip hop",Telepathy,Rich,"Business person",Health
USA,NY,2020,"12        ",Female,17,Right-Handed,164.5,22.86,152.4,2,Car,"4 ",0.838,"32 ",Dancing,727,674,722,706,449,465,22.35,"Left foot",7.874,7.112,"Index finger",January,Summer,Yes,No,Salads,Coffee,"Social studies",6,7,4,"Yes - other","Text messaging",50,50,20,4,5,7,15,0,3,2,1,0,22,2,Some,"Undergraduate degree",Country,Invisibility,Happy,Relative,Health
USA,NY,2020,"12        ",Female,17,Right-Handed,163,19,164,2,Car,6,.525,58,Soccer,950,920,481,476,845,890,20,"Left foot",10.1,6.4,"Index finger",May,Fall,No,Yes,Salads,Water,English,7,9,5,"Yes - broadband connection","Text messaging","100 ","150 ",10,5,17,100,14,1,14,14,10,10,12,14,"A lot","Graduate degree","Punk rock",Fly,Happy,"Sports person",Environment
USA,NY,2020,"12        ",Male,17,Right-Handed,165,28,152,2,Bus,30,0.505,50,Bowling,909,898,872,818,738,717,28,"Same length",80,80,"Same length",June,Summer,No,No,Poultry,Juice,Art,8,9,5,"Yes - broadband connection","Internet chat or instant messaging",2,3,5,5,8,4,4,4,2,2,4,6,5,3,Some,"Undergraduate degree","Punk rock",Invisibility,Happy,Other,Environment
USA,NY,2020,"12        ",Female,17,Right-Handed,160,22,155,3,Car,10,.308,33,Athletics,800,600,600,700,600,600,22,"Same length",72,78,"Ring finger",September,Summer,Yes,No,"No favorite",Water,Science,7,9,5,"Yes - other","Myspace, Facebook, other social networking sites, or blog",80,3,10,3,17,6,13,0,7,2,"42 ",2,18,2,"A lot","Graduate degree",Country,Telepathy,Happy,Relative,Health
USA,NY,2020,"12        ",Female,17,Right-Handed,175,26,179,2,"Rail (Train/Tram/Subway)",30,0.38,47,Athletics,536,604,767,504,865,865,24,"Right foot",76,80,"Ring finger",June,Fall,Yes,No,Poultry,Water,History,6,9,5,"Yes - broadband connection","In person",1,5,14,0,,,,,,,,,,,,,,,,,
USA,NY,2020,"12        ",Female,18,Left-Handed,173,24,168,2,Car,20,0.334,37,Basketball,909,807,781,786,856,866,24.5,"Left foot",70,70,"Same length",January,Spring,No,No,Pizza/Pasta,Water,Science,7,10,4,"Yes - broadband connection","Text messaging",50,54,3,0,18,5,14,0,5,4,4,8,0,3,"A lot","Graduate degree",Pop,Telepathy,Happy,Relative,Health
USA,NY,2020,"12        ",Male,17,Right-Handed,175,27,69,3,"Rail (Train/Tram/Subway)",30,0.466,42,Athletics,727,727,80,500,680,786,27,"Same length",8,8,"Same length",February,Spring,Yes,No,Desserts,"Sports drink","Physical education",7,8,3,"Yes - broadband connection","Text messaging",30,,,,,,,,,,,,,,,,,,,,
USA,NY,2020,"12        ",Female,17,Right-Handed,162,25,160,1,Car,2,.495,37,Bowling,786,807,829,711,556,652,24,"Right foot",70,64,"Index finger",June,Fall,Yes,No,Fruit,Water,English,7,9,4,"Yes - other","Text messaging",8,9,4,3,3,2,3,5,6,3,4,2,0,2,Some,"Graduate degree",Other,Invisibility,Healthy,Teacher,"Education/Youth development"
USA,NY,2020,"11        ",Female,16,Right-Handed,160,20,163,1,Walk,5,0.346,48,Walking/Hiking,786,743,551,449,96,193,22,"Left foot",8,8,"Same length",October,Fall,Yes,No,"Rice/Noodle dishes",Water,Music,8,11,4,"Yes - broadband connection","In person",40,50,10,5,2,6,4,2,3,3,10,5,5,2,"Very little",Other,"Rock and roll",Fly,Happy,Actor,"Wildlife, animals"
USA,NY,2020,"12        ",Female,17,Right-Handed,155,20.5,150,2,"Rail (Train/Tram/Subway)",40,.704,67,Walking/Hiking,1000,800,750,750,650,800,22,"Left foot",75,75,"Same length",September,Summer,Yes,No,Pizza/Pasta,Milk,Art,6.5,8,4,"Yes - broadband connection","In person",248,284,15,2,20,10,2,0,10,8,13,5,0,5,"A lot","Graduate degree","Rhythm and blues (R&B)",Fly,Happy,Relative,Other
USA,NY,2020,"12        ",Female,16,Right-Handed,160,23,160,1,Car,8,.321,36,Other,600,700,500,600,950,950,23,"Same length",86,87,"Ring finger",October,Summer,Yes,No,"No favorite",Water,"Mathematics and statistics",6.5,9,5,"Yes - broadband connection","Text messaging",16,16,5,2,20,3,10,1,2,.5,10,10,0,3,"A lot","Graduate degree",Other,Fly,Happy,Other,"International aid"
USA,NY,2020,"12        ",Female,17,Left-Handed,67.5,25.5,166,1,"Rail (Train/Tram/Subway)",90,0.578,31,Walking/Hiking,824,652,658,385,401,455,25.5,"Same length",85,75,"Index finger",July,Spring,No,No,Fruit,Water,"Social studies",4.5,7,12,"Yes - broadband connection","Text messaging",30,30,15,2,10,8,1,2,30,12,30,10,0,7,"A lot",Other,Other,"Freeze time",Happy,Relative,"International aid"
USA,NY,2020,"12        ",Female,17,Right-Handed,5’4”,13,30,3,"Rail (Train/Tram/Subway)",15,0.89,57,Walking/Hiking,500,500,500,500,500,500,20,"Same length",1.5,1,"Ring finger",November,Fall,Yes,No,Meat,Juice,"Mathematics and statistics",5,4,3,"Yes - broadband connection","Text messaging",30,20,3,1,2,5,0,0,6,2,6,3,0,1,Some,"Graduate degree","Rhythm and blues (R&B)",Invisibility,Happy,"Musician or singer","Wildlife, animals"
USA,NY,2020,"10        ",Male,17,Left-Handed,"5'10""","12 cm","7 in",1,Car,"5 min",0.368,"15 se",Baseball/Softball,1000,300,250,150,400,400,,"Same length",,,,September,Summer,No,No,"No favorite","Soft drink (non-caffeinated)",Science,6,10,5,"Yes - other","Cell phone",500,500,3hrs,7hrs,4hrs,10hrs,12hrs,4hrs,1hr,6hrs,5hrs,7hrs,24hrs,11hrs,Some,"Some college",Country,"Super strength",Happy,Other,"Wildlife, animals"
USA,NY,2020,"12        ",Female,17,Right-Handed,158,25,146,1,Bus,"5 ",".607 ",29,Skateboarding/Rollerblading,900,900,750,600,900,1000,23,"Right foot",8,6,"Index finger",April,Fall,No,Yes,Fruit,Water,Other,7,9,4,"Yes - broadband connection","Cell phone",30,30,10,10,8,5,5,2,14,2,15,15,16,3,"A lot","Graduate degree",Other,"Freeze time",Happy,"Musician or singer","Wildlife, animals"
USA,NY,2020,"12        ",Male,17,Right-Handed,170,"36 cm","170 ",1,Car,9,0.389,48,Lacrosse,802,802,807,818,968,963,35,"Right foot",80,77,"Index finger",May,Spring,Yes,No,Meat,,,6.5,8,4,"Yes - other","Text messaging",15,30,7,1,12,7,7,1,5,3,20,1,10,2,Some,"Graduate degree",Pop,Fly,Happy,Relative,Health
USA,NY,2020,"12        ",Female,17,Right-Handed,170.7,22.85,167.6,1,Car,5,0.424,38,Baseball/Softball,20,70,80,70,100,100,,,21.59,7,"Index finger",November,Fall,No,No,Salads,Coffee,Science,7,10,3,"Yes - other","Text messaging",40,40,27,10,7,3,15,0,7,12,7,7,8,5,Some,"Graduate degree",Pop,Telepathy,Happy,"Coach or club leader",Health
USA,NY,2020,"12        ",Female,18,Right-Handed,160.0,20,150,1,Car,10,0.419,41,Walking/Hiking,1000,1000,880,880,890,890,20,"Same length",6,5.5,"Index finger",January,Fall,No,No,Pizza/Pasta,Water,Art,7,7,5,"Yes - broadband connection","Text messaging",20,30,5,7,10,2,7,0,14,8,50,20,8,2,"A lot","Undergraduate degree",Other,Invisibility,Happy,Friend,"International aid"
USA,NY,2020,"12        ",Female,16,Right-Handed,175,26,?,4,"Rail (Train/Tram/Subway)",120,0.446,47,Other,733,663,1000,1000,770,1000,25,"Right foot",80,75,"Index finger",September,Spring,No,No,"Rice/Noodle dishes",Tea,"Social studies",6,10,3,"Yes - broadband connection","Text messaging",20,15,5,1,25,6,4,0,.25,.25,20,0,4,4,"A lot",Other,Pop,"Freeze time",Healthy,"Business person",Religious
USA,NY,2020,"12        ",Male,"18 ",Right-Handed,175,35,98,"1 ",Car,"15 ",0.925,57,"Hockey (Ice)",800,700,900,500,"100 ","100 ","34 ","Right foot",,76,"Ring finger",January,Winter,Yes,No,"No favorite",Water,"Physical education",6,10,6,"Yes - dial-up connection","Cell phone",25,34,16,"1 ",8,6,24,"15 ",4,0,"1 ",0,"15 ",3,Some,"Undergraduate degree","Rap/Hip hop","Freeze time",Happy,Friend,Health
USA,NY,2020,"12        ",Female,17,Right-Handed,160,22,158,0,Bus,45,0.361,48,Dancing,1000,1000,743,898,524,646,22,"Same length",70,85,"Ring finger",January,Winter,Yes,No,"No favorite",Water,English,2-6,2-12,7,"Yes - broadband connection","Text messaging",16,23,5,1,20,2,0,14,7,12,84,10,0,3,"A lot","Graduate degree","Rhythm and blues (R&B)",Telepathy,Rich,Other,Environment
USA,NY,2020,"12        ",Female,17,Right-Handed,158,24,166,1,Car,10,.408,37,Athletics,900,800,990,900,900,900,25,"Left foot",68,70,"Ring finger",October,Fall,No,No,Seafood,Water,Art,7,9,3,"Yes - broadband connection","In person",170,170,15,5,5,20,12,0,15,5,35,20,0,10,"Very little","Graduate degree",Pop,Fly,Happy,Relative,"Arts, culture, sports"
USA,NY,2020,"12        ",Female,17,Right-Handed,"5'6""",87,605,1,Car,"7 min",0.406,"60 ",Soccer,300,400,300,200,300,1000,90,"Left foot",85,70,"Index finger",June,Fall,Yes,No,Pizza/Pasta,Water,Languages,"8 hrs","8 hrs",5,"Yes - other","Cell phone",110,250,10,90,10,30,10,0,60,10,25,30,0,10,Some,"Graduate degree","Rap/Hip hop",Fly,Happy,Relative,Health
USA,NY,2020,"12        ",Female,17,Right-Handed,155,23,140,2,Car,15,0.882,45,Walking/Hiking,3,1,2,4,6,5,23,"Same length",70,60,"Index finger",May,Fall,Yes,No,Pizza/Pasta,Water,"Mathematics and statistics",5," 8",9,"Yes - broadband connection","Text messaging",20,18,10,2,30,2,0,0,20,20,20,10,25,25,"A lot","Graduate degree",Reggae,Telepathy,Happy,Relative,Health
USA,NY,2020,"12        ",Male,17,Right-Handed,182.8,17.7,213.3,2,Walk,20,0.27,60,Baseball/Softball,1000,1000,1000,1000,1000,1000,20.2,"Same length",7.62,10.16,"Ring finger",November,Summer,No,No,Desserts,Water,"Mathematics and statistics",8,9,4,"Yes - broadband connection","Myspace, Facebook, other social networking sites, or blog",18,11,1,0,28,1,0,46,5,1,50,46,16,1,"A lot","Graduate degree","Rap/Hip hop","Freeze time",Healthy,Relative,Religious
USA,NY,2020,"12        ",Male,18,Left-Handed,171,28,171,1,Bus,25,0.472,55,Skateboarding/Rollerblading,200,100,300,400,800,1000,27,"Right foot",116,76,"Index finger",March,Spring,Yes,No,Meat,Juice,History,7,9,4,"Yes - broadband connection","Internet chat or instant messaging",5,4,0,0,4-5,8,5,14,20,3,40,10,0,6,"A lot","High school","Rock and roll","Freeze time",,"Religious figure","Wildlife, animals"
USA,NY,2020,"12        ",Male,17,Right-Handed,177,26.5,183,3,"Rail (Train/Tram/Subway)",35,.325,44,Basketball,1000,1000,700,1000,800,700,26.5,"Same length",9,9,"Same length",August,Summer,No,No,"No favorite",Water,Science,7,10,6,"Yes - broadband connection","Cell phone",30,30,6,5,10,20,8,0,7,1,20,5,2,3,"Very little","Graduate degree","Rap/Hip hop",Invisibility,Healthy,Relative,Health
USA,NY,2020,"12        ",Male,17,Right-Handed,170,24,170,1,"Rail (Train/Tram/Subway)",35,0.303,43,Basketball,1000,1000,761,854,65,125,24,"Same length",76.4,,,July,Fall,Yes,No,Meat,Water,History,7,9,3,"Yes - other","Text messaging",150,175,30,3,12,20,5,10,20,5,50,28,0,25,None,"Graduate degree","Rap/Hip hop",Invisibility,Happy,Actor,"International aid"
USA,NY,2020,"12        ",Female,16,Right-Handed,160,24,130cm,2,"Rail (Train/Tram/Subway)",50,0.366,35,Dancing,966,508,513,807,887,887,23,"Right foot",90,80,"Index finger",February,Spring,No,No,Seafood,Water,History,7,9,3,"Yes - broadband connection","Text messaging",100,150,8,14,18,16,14,0,18,5,20,4,0,4,"A lot","Graduate degree",Pop,"Super strength",Rich,Friend,"International aid"
USA,NY,2020,"12        ",Female,16,Right-Handed,157,24,156,1,Car,15,0.449,42,Dancing,540,545,540,545,860,950,24,"Right foot",83,64,"Index finger",July,Winter,No,No,Fruit,Coffee,"Mathematics and statistics",5,8,4,"Yes - other","Cell phone",13,20,1,1,3,2,3,0,5,2,6,0,0,1,Some,"Graduate degree",Pop,Telepathy,Happy,Relative,Health
USA,NY,2020,"12        ",Female,16,Right-Handed,154,23.5,160,3,"Rail (Train/Tram/Subway)",25,0.372,41,Running/Jogging,1000,824,636,529,695,690,24,"Left foot",68,70,"Ring finger",June,Summer,No,No,Breads/Sandwiches,Water,English,6,8,4,"Yes - broadband connection","Text messaging",100,200,2,1,5,2,1,1,6,2,7,1,0,1,"A lot","Some college","Rap/Hip hop","Freeze time",Rich,"Business person","International aid"
USA,NY,2020,"12        ",Female,17,Right-Handed,167,25,169,1,Car,5,0.384,35,Tennis,1000,950,900,800,450,500,25,"Same length",75,70,"Index finger",January,Fall,Yes,No,Seafood,"Soft drink (caffeinated)","Computers and technology",7,9,4,"Yes - broadband connection","Text messaging",45,50,10,15,14,30,7,0,35,20,35,10,15,20,Some,"Graduate degree",Country,"Freeze time",Healthy,Relative,Health
USA,NY,2020,"11        ",Female,16,Right-Handed,152,15,70,1,Bus,40,0.346,50,Dancing,1000,500,500,800,300,300,15,"Same length",50,60,"Same length",April,Fall,Yes,No,Pizza/Pasta,Water,Art,8,8,2,"Yes - other","Text messaging",0,0,1,0,5,3,1,1,20,1,2,5,0,1,"Very little","Some college",Pop,"Super strength",Rich,"Musician or singer","Education/Youth development"
USA,NY,2020,"12        ",Male,17,Right-Handed,180,29,180,2,"Rail (Train/Tram/Subway)",50,.322,36,"Football (American)",535,600,450,520,500,500,29,"Same length",89,95,"Ring finger",May,Summer,No,No,"No favorite",Water,History,6,10,4,"Yes - broadband connection","Myspace, Facebook, other social networking sites, or blog",30,90,10,1,15,4,4,6,20,2,20,7,0,5,Some,"Graduate degree",Jazz,"Super strength",Happy,"Community leader or elder","Education/Youth development"
USA,NY,2020,"12        ",Male,17,Right-Handed,190.5,29,198,1,Car,18,.337,63,"Hockey (Ice)",550,750,500,500,500,1000,31,"Left foot",76.2,76.8,"Ring finger",April,Fall,No,No,Meat,Water,History,6,11,4,"Yes - broadband connection",,150,200,5,1,12,4,4,12,30,2,24,1,12,4,"A lot","Graduate degree","Rap/Hip hop",Telepathy,Happy,"Sports person","Arts, culture, sports"
USA,NY,2020,"12        ",Male,17,Right-Handed,178,26.67,180,1,Car,8,.242,34,Soccer,695,471,690,599,465,460,25.9,"Right foot",83.82,76.2,"Index finger",July,Summer,Yes,No,"Rice/Noodle dishes",Water,History,8,10,4,"Yes - broadband connection","Myspace, Facebook, other social networking sites, or blog",100,100,16,16,5,10,8,2,15,16,24,0,32,6,"A lot","Graduate degree","Rap/Hip hop","Freeze time",Happy,Other,Health
USA,NY,2020,"11        ",Female,18,Right-Handed,167,24,163,2,Walk,13,0.414,66,Dancing,866,775,904,914,455,578,23,"Right foot",97,100,"Ring finger",March,Spring,Yes,No,Fruit,Water,English,7.5,9,4,"Yes - broadband connection","In person",12,13,15,5,12,14,6,0,3,7,20,6,4,4,Some,"Undergraduate degree",Jazz,Fly,Healthy,Friend,Environment
USA,NY,2020,"12        ",Female,17,Right-Handed,164.5,22.86,152.4,2,Car,"4 ",0.838,"32 ",Dancing,727,674,722,706,449,465,22.35,"Left foot",7.874,7.112,"Index finger",January,Summer,Yes,No,Salads,Coffee,"Social studies",6,7,4,"Yes - other","Text messaging",50,50,20,4,5,7,15,0,3,2,1,0,22,2,Some,"Undergraduate degree",Country,Invisibility,Happy,Relative,Health
USA,NY,2020,"12        ",Female,17,Left-Handed,157,20,163,4,"Rail (Train/Tram/Subway)",40,.47,50,Swimming,1000,1000,1000,1000,100,500,20,"Same length",69,69,"Same length",July,Fall,Yes,No,"No favorite",Water,Science,4,6,5,"Yes - broadband connection","Text messaging",100,100,6,20,10,20,7,0,10,2,10,15,0,5,Some,"Graduate degree","Rhythm and blues (R&B)",Fly,Happy,Relative,Environment
USA,NY,2020,"12        ",Female,17,Right-Handed,167.6,24.7,167.6,1,Bus,27,.427,35,Other,800,900,700,700,1000,1000,25.4,"Left foot",66.04,68.58,"Ring finger",July,Summer,No,No,Meat,Water,Art,7,8,3,"Yes - broadband connection","Text messaging",25,25,4,.5,1,14,0,7,7,2,14,2,15,2,Some,"Graduate degree",Pop,Invisibility,Happy,Relative,"Wildlife, animals"
USA,NY,2020,"12        ",Male,17,Right-Handed,173,24,170,1,Walk,20,0.35,42,Basketball,"107 ",150,1000,1000,861,,25,"Left foot",51,64,"Ring finger",November,Winter,Yes,No,Pizza/Pasta,Water,History,5,8,3,"Yes - broadband connection","Cell phone",1,5,10,1,7,1,10,25,0,0,12,2,0,1,"Very little","Undergraduate degree","Rock and roll",Telepathy,Healthy,Teacher,Health
